student_id,student_name,age,gender,course,semester,ug_percentage,ug_cgpa,attendance_percent,internal_score,backlogs,performance
SEM1_0001,Isaac Bakshi,27,Female,MCA,1,60.88,6.2,82.8,25,0,Average
SEM1_0002,Anvi Konda,25,Male,MCA,1,66.75,6.76,60.9,11,0,At-risk
SEM1_0003,Udant Dewan,23,Male,MCA,1,67.72,6.51,73.0,9,0,At-risk
SEM1_0004,Harsh Chahal,27,Female,MCA,1,77.98,7.61,81.1,14,0,Average
SEM1_0005,Pahal Balay,27,Female,MCA,1,66.0,6.93,82.9,17,0,Average
SEM1_0006,Ayushman Chander,25,Female,MCA,1,70.38,7.33,67.8,21,0,Average
SEM1_0007,Tejas Kaul,22,Female,MCA,1,74.19,7.73,69.9,12,0,Average
SEM1_0008,Yashasvi Bala,22,Male,MCA,1,66.62,6.78,62.4,22,0,Average
SEM1_0009,Rushil Saini,21,Male,MCA,1,77.82,8.09,88.9,24,0,Excellent
SEM1_0010,Thomas Sen,21,Female,MCA,1,65.77,6.69,89.8,18,0,Average
SEM1_0011,Arunima Ahuja,27,Female,MCA,1,83.8,8.07,88.3,21,0,Average
SEM1_0012,Nathaniel Sami,26,Male,MCA,1,71.24,7.25,95.4,20,0,Average
SEM1_0013,Harini Mall,21,Male,MCA,1,68.01,6.78,65.8,25,0,Average
SEM1_0014,Nachiket Kale,27,Male,MCA,1,72.19,7.74,74.8,16,0,Average
SEM1_0015,Gayathri Chaudry,22,Female,MCA,1,77.01,8.11,82.6,22,0,Average
SEM1_0016,George Rai,24,Male,MCA,1,73.76,7.13,76.7,18,0,Average
SEM1_0017,Gunbir Parmer,24,Male,MCA,1,45.45,4.67,76.0,19,0,Average
SEM1_0018,Hemangini Lalla,26,Female,MCA,1,70.34,7.69,81.7,21,0,Average
SEM1_0019,Caleb Sharaf,24,Female,MCA,1,71.81,6.6,69.3,15,0,Average
SEM1_0020,Jeet Radhakrishnan,22,Female,MCA,1,67.67,6.7,83.0,20,0,Average
SEM1_0021,Farhan Memon,28,Female,MCA,1,79.67,7.56,72.2,24,0,Average
SEM1_0022,Janaki Handa,24,Female,MCA,1,85.84,8.79,100.0,15,0,Average
SEM1_0023,Ekaraj Bath,25,Male,MCA,1,89.07,9.21,80.1,18,0,Average
SEM1_0024,Vedant Mann,24,Male,MCA,1,59.77,5.66,95.5,16,0,Average
SEM1_0025,Fariq Kaul,27,Male,MCA,1,68.43,7.04,90.4,23,0,Average
SEM1_0026,Harrison Rai,22,Male,MCA,1,95.0,9.59,87.8,14,0,Average
SEM1_0027,Arunima Setty,28,Female,MCA,1,78.18,8.24,82.3,24,0,Excellent
SEM1_0028,Janya Gaba,26,Male,MCA,1,59.83,5.57,86.6,15,0,Average
SEM1_0029,Kamala Pant,25,Female,MCA,1,79.7,8.41,84.2,25,0,Excellent
SEM1_0030,Shaurya Loke,23,Female,MCA,1,73.46,7.03,71.8,20,0,Average
SEM1_0031,Ekbal Garg,26,Female,MCA,1,84.09,8.6,100.0,20,0,Average
SEM1_0032,Yash Gade,25,Female,MCA,1,71.65,6.79,84.8,19,0,Average
SEM1_0033,Turvi Raghavan,21,Male,MCA,1,70.76,7.33,75.5,24,0,Average
SEM1_0034,Anamika Kanda,28,Male,MCA,1,68.58,6.93,67.5,21,0,Average
SEM1_0035,Ekta Bhalla,28,Female,MCA,1,74.31,7.15,90.6,20,0,Average
SEM1_0036,Veer Balay,23,Female,MCA,1,82.66,7.78,70.6,23,0,Average
SEM1_0037,Diya Rattan,21,Female,MCA,1,72.24,7.53,94.4,20,0,Average
SEM1_0038,Amrita Bhatti,28,Female,MCA,1,81.88,8.08,87.6,16,0,Average
SEM1_0039,Siddharth Murty,27,Male,MCA,1,71.6,6.97,62.1,22,0,Average
SEM1_0040,Simon Tata,24,Female,MCA,1,72.8,7.12,90.9,20,0,Average
SEM1_0041,Meghana Shanker,25,Female,MCA,1,77.5,7.3,100.0,29,0,Excellent
SEM1_0042,Luke Lanka,25,Female,MCA,1,80.29,7.32,81.9,17,0,Average
SEM1_0043,Liam Koshy,24,Female,MCA,1,64.28,7.01,76.7,18,0,Average
SEM1_0044,Adya Sangha,28,Male,MCA,1,55.88,5.15,89.2,30,0,Excellent
SEM1_0045,Mohini Pathak,27,Male,MCA,1,64.69,6.02,77.6,29,0,Excellent
SEM1_0046,Theodore Devi,27,Female,MCA,1,62.67,6.18,67.5,28,0,Average
SEM1_0047,Yashodhara Tak,25,Female,MCA,1,70.72,6.91,80.6,30,0,Excellent
SEM1_0048,Gavin Batta,24,Female,MCA,1,81.1,8.18,74.0,20,0,Average
SEM1_0049,Imaran Dua,23,Female,MCA,1,53.03,5.75,73.8,30,0,Average
SEM1_0050,Nathaniel Sami,23,Male,MCA,1,72.71,7.37,73.8,19,0,Average
SEM1_0051,Devansh Rajan,22,Female,MCA,1,65.78,6.45,89.5,27,0,Excellent
SEM1_0052,Lakshmi Sidhu,25,Male,MCA,1,77.81,7.49,74.4,24,0,Average
SEM1_0053,Zayan Apte,21,Male,MCA,1,54.12,4.99,73.3,26,0,Average
SEM1_0054,Ishwar Yadav,21,Male,MCA,1,67.6,7.22,80.2,23,0,Average
SEM1_0055,Amara Oak,21,Female,MCA,1,69.29,6.71,99.1,25,0,Average
SEM1_0056,Isaac Memon,21,Female,MCA,1,67.53,7.16,87.9,23,0,Average
SEM1_0057,Radhika Dugar,25,Male,MCA,1,65.01,6.5,59.1,29,0,Average
SEM1_0058,Sudiksha Aggarwal,22,Male,MCA,1,80.04,8.15,74.4,16,0,Average
SEM1_0059,Adya Tella,27,Female,MCA,1,67.67,6.84,85.6,24,0,Average
SEM1_0060,Pranav Tripathi,27,Male,MCA,1,67.23,6.47,77.9,22,0,Average
SEM1_0061,Hitesh Misra,23,Female,MCA,1,68.98,6.9,73.2,20,0,Average
SEM1_0062,Yashica Issac,25,Female,MCA,1,79.71,7.93,84.0,23,0,Average
SEM1_0063,Michael Prakash,26,Male,MCA,1,72.7,7.61,84.7,20,0,Average
SEM1_0064,Neel Zacharia,26,Male,MCA,1,76.06,8.36,72.3,24,0,Average
SEM1_0065,Aadi Naik,21,Male,MCA,1,70.89,7.43,65.5,24,0,Average
SEM1_0066,Vrinda Bahl,22,Female,MCA,1,58.45,5.58,81.5,22,0,Average
SEM1_0067,Isaac Patil,21,Male,MCA,1,77.71,8.11,87.4,27,0,Excellent
SEM1_0068,Damyanti Khatri,22,Male,MCA,1,70.68,7.48,75.3,11,0,Average
SEM1_0069,Dalbir Khosla,26,Male,MCA,1,74.76,7.57,55.5,15,0,Average
SEM1_0070,Farhan Chada,26,Female,MCA,1,71.45,7.15,80.5,18,0,Average
SEM1_0071,Vedika Biswas,26,Male,MCA,1,58.31,6.02,90.6,28,0,Average
SEM1_0072,Jeremiah Dave,22,Female,MCA,1,68.96,7.44,81.2,26,0,Average
SEM1_0073,Vaishnavi Gandhi,26,Female,MCA,1,82.27,8.28,69.8,19,0,Average
SEM1_0074,Alka Wable,23,Male,MCA,1,80.78,8.45,62.4,14,0,Average
SEM1_0075,Pallavi Kakar,27,Female,MCA,1,74.0,6.64,75.1,27,0,Excellent
SEM1_0076,Sai Muni,25,Male,MCA,1,75.31,6.93,79.4,22,0,Average
SEM1_0077,Mohini Prakash,25,Female,MCA,1,83.23,7.82,78.8,20,0,Average
SEM1_0078,Raksha Varughese,28,Male,MCA,1,76.88,7.67,89.6,15,0,Average
SEM1_0079,Siya Dara,22,Male,MCA,1,63.85,6.19,65.7,19,0,Average
SEM1_0080,Yug Kar,25,Male,MCA,1,49.17,4.67,82.1,19,0,Average
SEM1_0081,Devansh Nigam,21,Female,MCA,1,64.64,6.67,74.5,14,0,Average
SEM1_0082,Ansh Karpe,27,Female,MCA,1,68.89,7.47,77.5,23,0,Average
SEM1_0083,Thomas Amble,26,Male,MCA,1,62.28,6.26,95.2,8,0,At-risk
SEM1_0084,Ekavir Bhargava,25,Female,MCA,1,62.95,6.07,69.2,28,0,Average
SEM1_0085,Veer Bir,23,Male,MCA,1,63.26,6.32,100.0,25,0,Average
SEM1_0086,Azad Narayanan,23,Female,MCA,1,87.82,8.48,66.2,25,0,Excellent
SEM1_0087,Ekavir Varkey,28,Male,MCA,1,72.28,7.27,76.4,19,0,Average
SEM1_0088,Wazir Mallick,24,Female,MCA,1,65.74,6.37,71.4,20,0,Average
SEM1_0089,Vedika Kala,28,Male,MCA,1,75.9,7.56,82.4,21,0,Average
SEM1_0090,Kevin Solanki,23,Female,MCA,1,66.67,6.7,87.5,12,0,Average
SEM1_0091,Xavier Solanki,24,Male,MCA,1,66.35,6.28,82.8,6,0,At-risk
SEM1_0092,Niharika Gupta,22,Female,MCA,1,68.93,7.12,63.4,20,0,Average
SEM1_0093,Girindra Chatterjee,23,Male,MCA,1,70.51,6.91,74.0,24,0,Average
SEM1_0094,Raagini Pandya,23,Male,MCA,1,79.72,7.11,72.0,23,0,Average
SEM1_0095,Pallavi Roy,26,Female,MCA,1,73.7,7.4,84.9,28,0,Excellent
SEM1_0096,Unni Bhagat,21,Male,MCA,1,73.14,7.14,75.7,22,0,Average
SEM1_0097,Guneet Bhat,23,Female,MCA,1,49.92,5.12,77.3,25,0,Average
SEM1_0098,Neha Nori,26,Female,MCA,1,85.01,7.85,76.5,20,0,Average
SEM1_0099,Ikbal Kothari,21,Male,MCA,1,69.61,7.25,88.9,20,0,Average
SEM1_0100,Rehaan Gupta,26,Male,MCA,1,74.87,6.97,91.4,22,0,Average
SEM1_0101,Saumya Dey,25,Male,MCA,1,81.66,8.19,75.1,22,0,Average
SEM1_0102,Pahal Goswami,27,Male,MCA,1,63.83,6.41,75.2,22,0,Average
SEM1_0103,Arya Shere,21,Female,MCA,1,84.87,8.33,75.7,17,0,Average
SEM1_0104,Zaid Borra,27,Male,MCA,1,81.74,8.32,98.8,16,0,Average
SEM1_0105,Saanvi Chaudhari,23,Female,MCA,1,73.71,7.66,71.1,8,0,At-risk
SEM1_0106,Chandresh Zachariah,21,Male,MCA,1,95.0,9.54,87.3,22,0,Excellent
SEM1_0107,Alexander Chander,28,Male,MCA,1,74.5,7.05,66.6,29,0,Excellent
SEM1_0108,Warjas Ganesan,26,Male,MCA,1,73.0,6.95,78.7,20,0,Average
SEM1_0109,Niharika Sunder,28,Male,MCA,1,66.12,6.57,90.7,17,0,Average
SEM1_0110,Vasana Kala,23,Female,MCA,1,48.79,4.5,67.0,18,0,Average
SEM1_0111,Nandini Bhargava,23,Male,MCA,1,60.75,6.02,79.9,13,0,Average
SEM1_0112,Nitesh Raghavan,21,Male,MCA,1,70.43,7.69,91.3,19,0,Average
SEM1_0113,Aarnav Ramakrishnan,24,Male,MCA,1,72.01,7.26,73.2,21,0,Average
SEM1_0114,Alka Sha,23,Female,MCA,1,78.74,7.67,74.5,20,0,Average
SEM1_0115,Bhavika Sampath,28,Male,MCA,1,85.89,7.66,59.2,14,0,Average
SEM1_0116,Vidhi Dubey,21,Female,MCA,1,74.04,6.91,72.2,14,0,Average
SEM1_0117,Ranveer Minhas,27,Male,MCA,1,76.85,7.41,79.1,20,0,Average
SEM1_0118,Teerth Bhardwaj,23,Male,MCA,1,64.72,6.29,84.9,14,0,Average
SEM1_0119,Darsh Murthy,22,Male,MCA,1,80.14,7.68,82.3,21,0,Average
SEM1_0120,Dakshesh Bedi,25,Female,MCA,1,61.93,6.4,76.9,22,0,Average
SEM1_0121,Vansha Thakkar,24,Female,MCA,1,59.58,5.67,93.2,11,0,Average
SEM1_0122,Nakul Bhandari,26,Female,MCA,1,57.87,5.06,97.0,21,0,Average
SEM1_0123,Yashoda Buch,26,Female,MCA,1,81.72,8.16,76.6,27,0,Excellent
SEM1_0124,Quincy Biswas,27,Male,MCA,1,78.72,7.93,78.2,20,0,Average
SEM1_0125,Ekansh Keer,25,Female,MCA,1,55.7,5.76,100.0,24,0,Average
SEM1_0126,Netra Dar,22,Female,MCA,1,77.27,7.82,89.8,28,0,Excellent
SEM1_0127,Yatin Baral,27,Female,MCA,1,70.42,7.32,83.8,8,0,At-risk
SEM1_0128,Finn Saini,24,Male,MCA,1,73.99,7.18,65.9,15,0,Average
SEM1_0129,Diya Lal,21,Male,MCA,1,77.74,7.16,100.0,18,0,Average
SEM1_0130,Samarth Murthy,21,Female,MCA,1,73.79,7.18,81.2,30,0,Excellent
SEM1_0131,William Lanka,22,Male,MCA,1,68.48,6.93,81.8,18,0,Average
SEM1_0132,Meghana Deep,22,Male,MCA,1,71.53,7.4,74.4,23,0,Average
SEM1_0133,Charita Shankar,26,Female,MCA,1,54.37,5.84,66.8,19,0,Average
SEM1_0134,Diya Bora,28,Male,MCA,1,73.2,7.52,90.8,24,0,Excellent
SEM1_0135,Aditya Shanker,21,Female,MCA,1,56.73,5.65,88.2,21,0,Average
SEM1_0136,Harish Borah,22,Male,MCA,1,69.87,6.97,86.8,20,0,Average
SEM1_0137,Tanay Toor,22,Male,MCA,1,57.95,5.97,69.6,26,0,Average
SEM1_0138,Alka Deo,27,Female,MCA,1,73.35,7.84,82.0,25,0,Average
SEM1_0139,Ikshita Biswas,28,Male,MCA,1,58.51,6.06,87.1,20,0,Average
SEM1_0140,Yash Pingle,25,Female,MCA,1,65.17,7.32,76.4,18,0,Average
SEM1_0141,Bhavani Dugar,27,Female,MCA,1,63.27,6.61,77.0,16,0,Average
SEM1_0142,Raksha Mittal,26,Male,MCA,1,61.49,6.14,82.3,28,0,Average
SEM1_0143,Abhiram Mistry,24,Male,MCA,1,70.34,6.75,100.0,17,0,Average
SEM1_0144,Hemang Desai,25,Female,MCA,1,88.21,8.6,74.7,17,0,Average
SEM1_0145,Aishani D’Alia,23,Female,MCA,1,67.04,6.65,76.3,14,0,Average
SEM1_0146,Hredhaan Dugal,28,Male,MCA,1,82.49,8.06,86.3,21,0,Average
SEM1_0147,Anita Manda,21,Female,MCA,1,63.6,6.42,76.4,23,0,Average
SEM1_0148,Shivansh Oza,25,Male,MCA,1,82.84,8.22,72.0,13,0,Average
SEM1_0149,Samar Lalla,25,Female,MCA,1,63.59,6.36,86.9,15,0,At-risk
SEM1_0150,Yashasvi Suresh,25,Male,MCA,1,63.3,6.16,90.4,23,0,Average
SEM1_0151,Zayan Behl,25,Male,MCA,1,74.4,7.55,89.3,22,0,Average
SEM1_0152,George Sampath,23,Male,MCA,1,79.15,8.29,91.7,27,0,Excellent
SEM1_0153,Aradhana Basu,27,Male,MCA,1,68.3,6.54,73.1,22,0,Average
SEM1_0154,Aarush Nath,25,Female,MCA,1,76.0,7.67,80.5,13,0,Average
SEM1_0155,Kalpit Lala,24,Female,MCA,1,86.95,8.77,82.7,18,0,Average
SEM1_0156,Neel Sathe,27,Female,MCA,1,72.48,7.46,81.9,18,0,Average
SEM1_0157,Prisha Andra,23,Female,MCA,1,68.37,6.9,61.9,25,0,Average
SEM1_0158,Isaac Borra,22,Female,MCA,1,73.28,7.13,83.8,28,0,Excellent
SEM1_0159,Manthan Banik,22,Male,MCA,1,54.99,5.36,67.7,19,0,Average
SEM1_0160,Kala Divan,24,Female,MCA,1,81.87,8.27,74.4,14,0,Average
SEM1_0161,Qushi Datta,21,Female,MCA,1,69.78,6.58,78.9,23,0,Average
SEM1_0162,Benjamin Morar,21,Male,MCA,1,88.6,8.84,82.4,19,0,Average
SEM1_0163,Janya Baral,25,Male,MCA,1,72.74,7.19,89.5,18,0,Average
SEM1_0164,Ishita Kade,26,Male,MCA,1,71.71,7.29,84.6,23,0,Average
SEM1_0165,Zaid Chauhan,24,Male,MCA,1,62.56,6.37,92.5,22,0,Average
SEM1_0166,Irya Ray,21,Female,MCA,1,71.5,6.91,98.0,20,0,Average
SEM1_0167,Mohammed Khalsa,27,Female,MCA,1,56.09,5.81,73.7,25,0,Average
SEM1_0168,Nicholas Goel,22,Female,MCA,1,71.75,7.02,55.8,12,0,Average
SEM1_0169,Nitara Bakshi,25,Male,MCA,1,75.72,7.74,79.8,17,0,Average
SEM1_0170,Praneel Natarajan,21,Female,MCA,1,67.97,6.8,68.4,28,0,Excellent
SEM1_0171,Nisha Kothari,22,Female,MCA,1,63.24,6.34,77.3,20,0,Average
SEM1_0172,Amara Dutta,22,Female,MCA,1,64.68,7.1,86.4,17,0,Average
SEM1_0173,Hritik Raja,27,Female,MCA,1,74.76,7.2,98.1,22,0,Average
SEM1_0174,Balvan Singhal,26,Female,MCA,1,78.81,8.25,74.6,27,0,Excellent
SEM1_0175,Tristan Iyengar,22,Male,MCA,1,76.01,8.37,76.3,21,0,Average
SEM1_0176,Triveni Palla,27,Male,MCA,1,66.71,6.66,100.0,29,0,Excellent
SEM1_0177,Dalaja Kari,26,Male,MCA,1,60.72,6.27,75.0,21,0,Average
SEM1_0178,Udant Bajwa,27,Female,MCA,1,70.89,6.92,95.7,14,0,Average
SEM1_0179,Reyansh Rastogi,24,Female,MCA,1,56.38,6.34,78.9,29,0,Average
SEM1_0180,Falguni Mallick,23,Female,MCA,1,66.27,7.14,93.8,17,0,Average
SEM1_0181,Ekaraj Mallick,28,Female,MCA,1,75.24,7.42,63.5,20,0,Average
SEM1_0182,Indali Upadhyay,28,Male,MCA,1,82.62,8.66,62.6,18,0,Average
SEM1_0183,Mugdha Yadav,21,Female,MCA,1,80.07,7.57,91.1,16,0,Average
SEM1_0184,Garima Bala,23,Female,MCA,1,69.28,6.95,67.2,25,0,Average
SEM1_0185,Jack Lal,21,Male,MCA,1,78.49,7.36,71.6,23,0,Average
SEM1_0186,Pranav Lanka,25,Male,MCA,1,84.23,8.56,84.3,25,0,Excellent
SEM1_0187,Balvan Chopra,24,Male,MCA,1,68.73,6.68,80.5,17,0,Average
SEM1_0188,Radha Pai,25,Male,MCA,1,61.65,6.19,60.0,25,0,Average
SEM1_0189,Dipta Sarin,27,Female,MCA,1,50.99,6.13,71.3,22,0,Average
SEM1_0190,Yasti D’Alia,27,Female,MCA,1,78.44,7.63,99.1,19,0,Average
SEM1_0191,Lekha Gupta,22,Male,MCA,1,71.69,7.87,89.6,22,0,Average
SEM1_0192,Aachal Basu,28,Male,MCA,1,72.67,7.65,91.9,23,0,Average
SEM1_0193,Rajata Agarwal,25,Female,MCA,1,64.28,6.53,90.1,19,0,Average
SEM1_0194,Zinal Yohannan,21,Male,MCA,1,86.35,8.55,89.6,26,0,Excellent
SEM1_0195,Ronith Patla,26,Female,MCA,1,79.21,8.14,92.9,19,0,Average
SEM1_0196,Raagini Boase,21,Male,MCA,1,61.71,5.79,65.6,28,0,Average
SEM1_0197,Ganga Murthy,24,Male,MCA,1,56.47,5.54,67.1,17,0,Average
SEM1_0198,Jeet Mital,26,Female,MCA,1,65.0,6.26,100.0,25,0,Average
SEM1_0199,Yashica More,28,Female,MCA,1,67.46,6.74,68.4,12,0,Average
SEM1_0200,Nilima Narain,24,Female,MCA,1,53.76,5.86,85.6,23,0,Average
SEM1_0201,Neha Merchant,23,Male,MCA,1,69.47,7.08,78.1,23,0,Average
SEM1_0202,Joshua Handa,28,Male,MCA,1,62.5,5.9,69.0,21,0,Average
SEM1_0203,Osha Raghavan,28,Female,MCA,1,87.15,8.99,74.0,12,0,Average
SEM1_0204,Owen Mitra,27,Female,MCA,1,70.41,7.08,66.7,17,0,Average
SEM1_0205,Nidra Acharya,22,Male,MCA,1,85.97,8.57,74.2,20,0,Average
SEM1_0206,Daksha Mangat,27,Female,MCA,1,73.39,7.36,80.4,16,0,Average
SEM1_0207,Shivansh Sani,22,Female,MCA,1,83.49,8.24,77.2,24,0,Excellent
SEM1_0208,Ekanta Shroff,22,Female,MCA,1,64.99,6.4,92.5,17,0,Average
SEM1_0209,Riya Sathe,24,Female,MCA,1,94.23,8.99,85.2,16,0,Average
SEM1_0210,Tanay Vaidya,21,Female,MCA,1,76.54,7.67,78.5,25,0,Excellent
SEM1_0211,Urvashi Gara,22,Male,MCA,1,86.59,8.07,83.1,20,0,Average
SEM1_0212,Frado Mander,23,Female,MCA,1,64.28,7.01,74.5,23,0,Average
SEM1_0213,Yutika Nayak,27,Male,MCA,1,60.99,5.85,74.1,19,0,Average
SEM1_0214,Girik Keer,25,Female,MCA,1,72.33,7.32,64.4,22,0,Average
SEM1_0215,Dayita Kar,26,Female,MCA,1,60.27,5.6,86.9,30,0,Excellent
SEM1_0216,Rushil Din,28,Female,MCA,1,89.27,9.12,80.8,23,0,Excellent
SEM1_0217,Aryan Batra,21,Male,MCA,1,62.85,6.31,95.8,18,0,Average
SEM1_0218,Yash Soman,24,Male,MCA,1,59.85,5.6,76.8,26,0,Average
SEM1_0219,Elijah Shah,25,Female,MCA,1,64.51,6.53,74.7,22,0,Average
SEM1_0220,Oeshi Hayer,22,Male,MCA,1,77.82,7.51,66.7,11,0,Average
SEM1_0221,Leena Talwar,24,Female,MCA,1,93.56,8.96,88.4,20,0,Excellent
SEM1_0222,Mugdha Kohli,25,Female,MCA,1,71.98,7.23,79.0,25,0,Average
SEM1_0223,Manbir Ahluwalia,26,Female,MCA,1,77.68,7.98,74.9,19,0,Average
SEM1_0224,Hredhaan Sandal,22,Male,MCA,1,68.47,6.86,79.9,25,0,Average
SEM1_0225,Theodore Goda,21,Male,MCA,1,95.0,9.39,73.5,23,0,Average
SEM1_0226,Zarna Shetty,21,Male,MCA,1,72.64,7.05,78.1,20,0,Average
SEM1_0227,Chandresh Krish,28,Female,MCA,1,53.98,5.17,51.1,21,0,Average
SEM1_0228,Jairaj Shan,25,Male,MCA,1,64.07,6.94,92.2,19,0,Average
SEM1_0229,Kiaan Shetty,22,Female,MCA,1,66.36,6.49,76.3,16,0,Average
SEM1_0230,Edhitha Savant,24,Male,MCA,1,65.72,6.63,80.0,22,0,Average
SEM1_0231,Yamini Sandhu,24,Male,MCA,1,77.0,8.5,69.6,19,0,Average
SEM1_0232,Sanaya Dutt,25,Male,MCA,1,81.89,7.78,62.0,23,0,Average
SEM1_0233,Vaishnavi Sengupta,26,Male,MCA,1,71.7,7.11,76.1,20,0,Average
SEM1_0234,Aashi Kota,22,Female,MCA,1,64.04,5.89,81.8,20,0,Average
SEM1_0235,Aradhana Verma,23,Male,MCA,1,52.4,5.96,68.1,20,0,Average
SEM1_0236,Vedhika Khare,28,Male,MCA,1,63.37,5.86,63.9,27,0,Average
SEM1_0237,Anvi Sarraf,25,Male,MCA,1,83.42,7.95,64.0,18,0,Average
SEM1_0238,Faras Mangal,23,Male,MCA,1,81.21,8.38,83.0,27,0,Excellent
SEM1_0239,Wahab Magar,24,Male,MCA,1,60.09,6.03,80.9,29,0,Average
SEM1_0240,Gautami Nagarajan,21,Male,MCA,1,72.9,7.16,81.8,13,0,Average
SEM1_0241,Faris Devi,23,Female,MCA,1,78.8,8.29,75.5,18,0,Average
SEM1_0242,Matthew Kashyap,28,Female,MCA,1,64.92,6.84,72.4,13,0,Average
SEM1_0243,Leela Dua,22,Male,MCA,1,74.81,7.16,86.4,26,0,Excellent
SEM1_0244,Tanish Bhatt,22,Female,MCA,1,72.39,7.01,89.3,20,0,Average
SEM1_0245,Oeshi Reddy,25,Female,MCA,1,79.46,8.15,71.5,22,0,Average
SEM1_0246,Ganga Shukla,27,Male,MCA,1,69.9,6.62,60.3,30,0,Average
SEM1_0247,Ojasvi Bhatia,26,Female,MCA,1,67.16,6.6,82.1,19,0,Average
SEM1_0248,Samuel Salvi,28,Female,MCA,1,81.13,8.05,82.8,19,0,Average
SEM1_0249,Lopa Bahri,28,Female,MCA,1,80.89,8.35,69.6,23,0,Average
SEM1_0250,Lajita Sood,26,Female,MCA,1,72.3,7.37,73.5,17,0,Average
SEM1_0251,Abeer Pandey,23,Male,MCA,1,76.94,7.95,100.0,25,0,Excellent
SEM1_0252,Chanchal Ramakrishnan,23,Male,MCA,1,72.78,7.54,83.8,26,0,Excellent
SEM1_0253,Oni Yohannan,27,Female,MCA,1,69.5,6.94,88.3,15,0,Average
SEM1_0254,Thomas Sura,23,Male,MCA,1,67.77,7.36,83.9,14,0,Average
SEM1_0255,Theodore Mahajan,21,Female,MCA,1,74.78,7.99,65.5,14,0,Average
SEM1_0256,Rajata Sunder,28,Male,MCA,1,63.8,6.98,76.0,21,0,Average
SEM1_0257,Ayush Ramachandran,25,Female,MCA,1,88.81,8.62,91.7,17,0,Average
SEM1_0258,Gayathri Ravel,24,Male,MCA,1,63.64,6.17,81.8,28,0,Excellent
SEM1_0259,Noah Sibal,24,Female,MCA,1,88.31,9.17,73.8,24,0,Excellent
SEM1_0260,Joshua Walla,26,Male,MCA,1,85.12,8.45,75.5,23,0,Excellent
SEM1_0261,Avi Ramesh,27,Female,MCA,1,45.0,4.78,75.7,16,0,At-risk
SEM1_0262,Avi Chacko,24,Male,MCA,1,70.65,7.59,86.3,15,0,Average
SEM1_0263,Priya Deshmukh,24,Female,MCA,1,68.5,6.94,91.5,18,0,Average
SEM1_0264,Triya Gopal,28,Male,MCA,1,52.63,5.09,68.8,21,0,Average
SEM1_0265,Chandresh Lad,25,Male,MCA,1,82.33,8.16,76.3,22,0,Average
SEM1_0266,Ladli Narang,25,Female,MCA,1,85.9,8.58,97.7,28,0,Excellent
SEM1_0267,Siddharth Sha,26,Male,MCA,1,75.55,7.17,84.0,17,0,Average
SEM1_0268,Eta Nazareth,26,Female,MCA,1,73.22,7.29,78.0,16,0,Average
SEM1_0269,Ladli Mall,24,Female,MCA,1,63.6,6.04,77.0,28,0,Average
SEM1_0270,Oviya Krishnan,24,Female,MCA,1,71.86,6.34,88.8,24,0,Average
SEM1_0271,Finn Singhal,22,Female,MCA,1,74.47,7.48,87.0,20,0,Average
SEM1_0272,Anirudh Zacharia,28,Female,MCA,1,65.96,6.87,67.5,21,0,Average
SEM1_0273,Charles Palla,23,Male,MCA,1,72.8,7.4,71.9,18,0,Average
SEM1_0274,Udarsh Biswas,22,Male,MCA,1,66.58,6.73,91.5,15,0,Average
SEM1_0275,Banjeet Balasubramanian,22,Female,MCA,1,69.04,6.96,83.8,29,0,Excellent
SEM1_0276,Yug Iyengar,21,Female,MCA,1,63.71,6.52,89.0,8,0,At-risk
SEM1_0277,Anmol Dua,25,Male,MCA,1,64.89,6.52,94.0,20,0,Average
SEM1_0278,William Date,27,Male,MCA,1,71.41,6.92,72.0,18,0,Average
SEM1_0279,Urvashi Contractor,26,Female,MCA,1,57.54,5.79,76.4,23,0,Average
SEM1_0280,Tejas Shroff,22,Male,MCA,1,71.68,7.48,79.2,19,0,Average
SEM1_0281,Aahana Pillay,26,Male,MCA,1,82.38,8.42,93.1,17,0,Average
SEM1_0282,Oliver Contractor,24,Male,MCA,1,74.01,8.06,90.8,18,0,Average
SEM1_0283,Nihal Mukhopadhyay,28,Female,MCA,1,59.81,6.02,89.8,23,0,Average
SEM1_0284,Hritik Bal,23,Male,MCA,1,67.72,6.66,76.0,15,0,Average
SEM1_0285,Devika Prashad,24,Female,MCA,1,64.64,6.54,81.9,21,0,Average
SEM1_0286,Mekhala Issac,27,Male,MCA,1,72.06,6.83,84.3,19,0,Average
SEM1_0287,Faqid Kibe,27,Female,MCA,1,72.33,7.14,97.9,21,0,Average
SEM1_0288,Harsh Mitra,25,Male,MCA,1,77.96,7.86,93.2,15,0,Average
SEM1_0289,Jai Barman,23,Female,MCA,1,70.35,7.49,79.1,9,0,At-risk
SEM1_0290,Idika Walia,22,Female,MCA,1,81.93,8.49,85.5,19,0,Average
SEM1_0291,Priya Prabhakar,24,Female,MCA,1,65.37,5.83,87.6,26,0,Average
SEM1_0292,Ekapad Toor,25,Female,MCA,1,84.44,8.59,79.8,15,0,Average
SEM1_0293,Harita Arora,28,Female,MCA,1,83.95,8.0,76.0,23,0,Average
SEM1_0294,Osha Suri,27,Male,MCA,1,79.78,8.02,99.4,15,0,Average
SEM1_0295,Hitesh Sant,23,Male,MCA,1,82.29,7.77,87.2,23,0,Average
SEM1_0296,Janaki Sharaf,21,Female,MCA,1,80.34,8.27,99.0,19,0,Average
SEM1_0297,Michael Saran,26,Female,MCA,1,73.41,7.73,82.5,20,0,Average
SEM1_0298,Patrick Vig,21,Female,MCA,1,62.57,6.37,81.9,24,0,Average
SEM1_0299,Anamika Yohannan,23,Female,MCA,1,73.96,7.51,88.9,17,0,Average
SEM1_0300,Veda Shroff,26,Female,MCA,1,68.14,6.94,98.4,19,0,Average
SEM1_0301,Rajata Loyal,28,Male,MCA,1,53.15,5.21,63.9,24,0,Average
SEM1_0302,Ekantika Korpal,24,Male,MCA,1,63.36,6.67,97.1,19,0,Average
SEM1_0303,Gabriel Mallick,21,Female,MCA,1,72.83,7.12,72.7,20,0,Average
SEM1_0304,Shravya Kohli,21,Male,MCA,1,83.64,8.7,85.0,21,0,Excellent
SEM1_0305,Ucchal Raghavan,25,Male,MCA,1,53.9,5.15,94.7,18,0,Average
SEM1_0306,Gayathri Balakrishnan,25,Female,MCA,1,74.3,7.99,93.1,28,0,Excellent
SEM1_0307,Warda Nair,24,Male,MCA,1,62.35,6.25,77.4,8,0,At-risk
SEM1_0308,Qabil Sura,22,Male,MCA,1,73.43,7.36,97.0,17,0,Average
SEM1_0309,Simon Pant,21,Female,MCA,1,67.6,5.99,77.8,10,0,At-risk
SEM1_0310,Aarna Oak,25,Female,MCA,1,59.6,5.99,65.4,18,0,Average
SEM1_0311,Ati Majumdar,25,Male,MCA,1,76.8,8.64,83.8,19,0,Average
SEM1_0312,Advaith Varughese,21,Male,MCA,1,70.06,6.89,72.0,25,0,Average
SEM1_0313,Rayaan Chada,25,Female,MCA,1,68.01,6.57,66.2,11,0,At-risk
SEM1_0314,Wyatt Ray,25,Male,MCA,1,70.19,6.47,89.0,18,0,Average
SEM1_0315,Vrinda Khosla,25,Male,MCA,1,73.45,7.13,72.9,22,0,Average
SEM1_0316,Vamakshi Swaminathan,22,Male,MCA,1,49.91,4.92,70.1,19,0,Average
SEM1_0317,Sara Badal,22,Male,MCA,1,77.12,7.65,92.3,26,0,Excellent
SEM1_0318,Girik Menon,22,Female,MCA,1,54.66,5.71,82.3,25,0,Average
SEM1_0319,Timothy Ravel,24,Female,MCA,1,72.58,7.0,63.0,17,0,Average
SEM1_0320,Yagnesh Mohan,22,Male,MCA,1,67.14,6.77,69.7,26,0,Average
SEM1_0321,Jyoti Solanki,21,Female,MCA,1,76.71,7.97,98.4,16,0,Average
SEM1_0322,Hemangini Sandal,22,Female,MCA,1,61.05,6.59,77.5,21,0,Average
SEM1_0323,Ganga Pandey,27,Male,MCA,1,53.81,5.14,61.6,26,0,Average
SEM1_0324,Sudiksha Madan,21,Female,MCA,1,79.8,7.6,75.9,14,0,Average
SEM1_0325,Damini Krishnamurthy,28,Male,MCA,1,62.36,6.09,80.5,19,0,Average
SEM1_0326,Vihaan Dara,27,Male,MCA,1,84.13,7.82,71.9,25,0,Excellent
SEM1_0327,Reyansh Mutti,22,Female,MCA,1,90.91,8.93,79.5,14,0,Average
SEM1_0328,Jagdish Wason,23,Male,MCA,1,67.24,6.57,78.9,20,0,Average
SEM1_0329,Qasim Handa,22,Male,MCA,1,53.96,5.27,79.1,21,0,Average
SEM1_0330,Tarak Sule,24,Male,MCA,1,81.04,8.07,84.5,12,0,Average
SEM1_0331,Aradhana Vohra,24,Male,MCA,1,73.83,6.97,95.7,21,0,Average
SEM1_0332,Barkha Chaudhry,22,Female,MCA,1,84.28,8.15,73.8,19,0,Average
SEM1_0333,Rishi Minhas,24,Male,MCA,1,72.61,7.43,89.6,11,0,Average
SEM1_0334,Utkarsh Patel,27,Female,MCA,1,60.92,5.21,77.1,26,0,Average
SEM1_0335,Praneel Mittal,22,Male,MCA,1,67.52,6.31,79.7,17,0,Average
SEM1_0336,Akshay Walla,28,Male,MCA,1,74.41,7.53,84.7,25,0,Excellent
SEM1_0337,Jonathan Mahal,25,Female,MCA,1,68.38,6.94,73.3,24,0,Average
SEM1_0338,Chakradev Bhagat,28,Female,MCA,1,60.27,6.42,79.5,11,0,Average
SEM1_0339,Brinda Date,26,Male,MCA,1,78.4,7.59,82.4,8,0,Average
SEM1_0340,Vritti Chauhan,23,Male,MCA,1,69.3,6.91,82.9,23,0,Average
SEM1_0341,Advik Mane,24,Male,MCA,1,83.66,8.29,78.6,25,0,Excellent
SEM1_0342,Upasna Srinivas,27,Male,MCA,1,73.92,7.39,76.1,26,0,Excellent
SEM1_0343,Ridhi Oak,26,Female,MCA,1,67.9,6.53,91.5,17,0,Average
SEM1_0344,Qarin Behl,21,Female,MCA,1,65.16,6.85,85.1,24,0,Average
SEM1_0345,Zayyan Sridhar,21,Male,MCA,1,76.21,7.41,87.0,26,0,Excellent
SEM1_0346,Ishaan Bhattacharyya,22,Male,MCA,1,76.5,7.64,71.2,19,0,Average
SEM1_0347,Nandini Swamy,26,Male,MCA,1,70.09,6.82,81.1,19,0,Average
SEM1_0348,Ethan Bera,28,Female,MCA,1,78.09,7.81,71.8,23,0,Average
SEM1_0349,Max Dixit,24,Female,MCA,1,70.39,6.79,70.0,16,0,Average
SEM1_0350,Daksha Chada,26,Female,MCA,1,65.7,6.86,78.1,19,0,Average
SEM1_0351,Yuvraj Dani,21,Male,MCA,1,72.79,7.29,63.5,26,0,Average
SEM1_0352,Omaja Kara,21,Male,MCA,1,75.35,6.48,81.8,29,0,Excellent
SEM1_0353,Lajita Seshadri,24,Female,MCA,1,60.95,6.37,88.4,23,0,Average
SEM1_0354,Saanvi Mishra,27,Female,MCA,1,85.7,8.71,74.9,20,0,Average
SEM1_0355,Pushti Mody,26,Female,MCA,1,75.35,7.2,73.7,20,0,Average
SEM1_0356,Darpan Chaudhary,27,Female,MCA,1,61.67,6.46,71.3,17,0,Average
SEM1_0357,Sarthak Kakar,21,Male,MCA,1,79.29,7.76,90.3,17,0,Average
SEM1_0358,Aishani Bumb,21,Female,MCA,1,81.45,8.28,79.0,21,0,Average
SEM1_0359,Naksh Khatri,22,Male,MCA,1,87.69,8.3,85.2,16,0,Average
SEM1_0360,Oscar Borde,24,Male,MCA,1,72.68,7.3,82.0,17,0,Average
SEM1_0361,Naksh Agate,23,Male,MCA,1,67.62,6.81,84.1,19,0,Average
SEM1_0362,Nilima Seshadri,27,Female,MCA,1,72.17,7.02,67.8,17,0,Average
SEM1_0363,Upma Manne,21,Male,MCA,1,84.35,8.32,76.0,22,0,Average
SEM1_0364,Bachittar Kata,28,Female,MCA,1,93.04,9.54,69.3,12,0,Average
SEM1_0365,Bhavya Mandal,28,Female,MCA,1,84.75,8.76,90.8,13,0,Average
SEM1_0366,Sudiksha Bobal,26,Male,MCA,1,64.39,6.32,86.0,17,0,Average
SEM1_0367,Vivaan Lalla,26,Female,MCA,1,54.56,5.5,64.7,14,0,At-risk
SEM1_0368,Rudra Sandal,27,Female,MCA,1,45.61,5.41,87.8,20,0,Average
SEM1_0369,Ishwar Kar,24,Female,MCA,1,92.18,9.29,90.5,16,0,Average
SEM1_0370,Manthan Lata,22,Female,MCA,1,87.48,8.98,85.9,18,0,Average
SEM1_0371,Lucky Bora,28,Female,MCA,1,81.81,7.92,58.4,21,0,Average
SEM1_0372,Darpan Gandhi,27,Female,MCA,1,58.49,5.91,82.4,19,0,Average
SEM1_0373,Damyanti Mani,26,Male,MCA,1,68.04,6.74,72.6,16,0,Average
SEM1_0374,Reva Dash,27,Female,MCA,1,70.92,7.1,82.3,14,0,Average
SEM1_0375,Upadhriti Modi,24,Male,MCA,1,75.39,7.19,83.9,27,0,Excellent
SEM1_0376,Neha Magar,28,Female,MCA,1,68.3,7.38,69.8,16,0,Average
SEM1_0377,Xiti Zacharia,24,Female,MCA,1,69.37,6.29,83.3,23,0,Average
SEM1_0378,Wakeeta Sarma,22,Female,MCA,1,70.44,6.48,81.8,30,0,Excellent
SEM1_0379,Faris Baral,25,Female,MCA,1,80.42,7.83,100.0,11,0,Average
SEM1_0380,Rachana Naidu,26,Female,MCA,1,71.17,6.62,77.3,18,0,Average
SEM1_0381,Zashil Bal,26,Male,MCA,1,72.48,7.36,75.8,12,0,Average
SEM1_0382,Gavin Karnik,26,Female,MCA,1,73.57,7.51,80.2,17,0,Average
SEM1_0383,Ansh Luthra,28,Female,MCA,1,62.39,6.53,93.9,26,0,Average
SEM1_0384,Banjeet Gill,26,Male,MCA,1,59.97,5.89,80.0,14,0,Average
SEM1_0385,Upma Venkataraman,24,Female,MCA,1,76.7,7.92,78.5,16,0,Average
SEM1_0386,Riya Mall,25,Male,MCA,1,67.13,6.59,73.5,24,0,Average
SEM1_0387,Pratyush Sarin,23,Male,MCA,1,58.56,5.29,82.5,21,0,Average
SEM1_0388,Vyanjana Chand,26,Male,MCA,1,77.88,7.55,87.9,10,0,Average
SEM1_0389,Upma Pall,24,Male,MCA,1,64.9,6.28,64.7,20,0,Average
SEM1_0390,Nilima Nath,25,Male,MCA,1,70.11,7.05,85.8,30,0,Excellent
SEM1_0391,Ekani Cheema,23,Female,MCA,1,63.95,6.73,87.8,19,0,Average
SEM1_0392,Naveen Narayan,22,Female,MCA,1,67.95,6.29,79.9,14,0,Average
SEM1_0393,Nisha Tandon,23,Female,MCA,1,68.34,6.99,80.1,24,0,Average
SEM1_0394,Bhavya Rattan,28,Male,MCA,1,68.31,7.26,69.3,23,0,Average
SEM1_0395,Balhaar Sha,23,Female,MCA,1,73.09,7.68,74.3,12,0,Average
SEM1_0396,Gaurang Murty,25,Male,MCA,1,46.42,4.5,69.1,23,0,Average
SEM1_0397,Zayyan Naik,27,Male,MCA,1,69.48,7.35,69.4,14,0,Average
SEM1_0398,Jack Raval,26,Male,MCA,1,77.8,8.05,77.5,17,0,Average
SEM1_0399,Yoshita Agarwal,25,Female,MCA,1,66.02,6.68,98.0,22,0,Average
SEM1_0400,Turvi Sachdev,21,Male,MCA,1,66.31,6.86,65.0,25,0,Average
SEM1_0401,Chatura Guha,25,Male,MCA,1,72.33,6.9,56.9,21,0,Average
SEM1_0402,Zarna Pathak,23,Female,MCA,1,81.96,8.28,85.0,23,0,Excellent
SEM1_0403,Wishi Sathe,21,Female,MCA,1,66.64,6.85,67.0,14,0,Average
SEM1_0404,Charan Jani,27,Male,MCA,1,81.38,8.14,86.7,15,0,Average
SEM1_0405,Amara Deep,28,Female,MCA,1,64.88,6.99,79.4,22,0,Average
SEM1_0406,Bhavna Sarma,23,Female,MCA,1,61.99,6.37,80.5,20,0,Average
SEM1_0407,Vedhika Dara,23,Female,MCA,1,69.62,7.06,82.4,27,0,Average
SEM1_0408,Ayush Khatri,22,Male,MCA,1,69.2,6.75,71.4,23,0,Average
SEM1_0409,Nathan Mukhopadhyay,23,Male,MCA,1,65.51,6.82,91.1,30,0,Excellent
SEM1_0410,Akshay Reddy,26,Male,MCA,1,65.6,6.2,66.5,12,0,Average
SEM1_0411,Girik Kar,21,Female,MCA,1,65.15,6.46,73.0,25,0,Average
SEM1_0412,Ishaan Shenoy,25,Male,MCA,1,65.43,6.49,74.5,21,0,Average
SEM1_0413,Jacob Dube,26,Male,MCA,1,60.15,6.2,95.2,18,0,Average
SEM1_0414,Wishi Manne,22,Male,MCA,1,66.72,6.79,79.5,20,0,Average
SEM1_0415,Yashodhara Mahajan,21,Female,MCA,1,87.14,8.5,73.6,29,0,Excellent
SEM1_0416,Ojasvi Subramanian,23,Male,MCA,1,55.39,5.51,65.5,15,0,At-risk
SEM1_0417,Urmi Kohli,22,Female,MCA,1,72.88,7.43,79.2,21,0,Average
SEM1_0418,Tanmayi Dhillon,24,Male,MCA,1,63.87,5.93,88.3,24,0,Average
SEM1_0419,Leela Halder,21,Female,MCA,1,56.25,5.95,86.6,12,0,At-risk
SEM1_0420,Yashoda Deshpande,26,Female,MCA,1,74.77,7.84,91.7,19,0,Average
SEM1_0421,Ekaraj Majumdar,24,Male,MCA,1,68.73,6.3,78.9,22,0,Average
SEM1_0422,Oeshi Oak,28,Female,MCA,1,76.2,7.61,78.3,21,0,Average
SEM1_0423,Yashica Loke,27,Male,MCA,1,55.95,5.44,96.8,18,0,Average
SEM1_0424,Aarnav Mandal,21,Male,MCA,1,71.13,6.66,86.9,17,0,Average
SEM1_0425,Chanchal Suri,21,Male,MCA,1,75.59,7.76,73.0,16,0,Average
SEM1_0426,Manthan Sekhon,22,Male,MCA,1,68.99,6.7,82.4,22,0,Average
SEM1_0427,Veda Pai,23,Male,MCA,1,58.0,5.87,94.2,23,0,Average
SEM1_0428,Gaurangi Purohit,23,Female,MCA,1,89.12,9.15,77.9,25,0,Excellent
SEM1_0429,Tamanna Nagy,21,Female,MCA,1,80.1,7.92,91.1,23,0,Excellent
SEM1_0430,Ranbir Khare,23,Male,MCA,1,64.49,6.24,97.2,30,0,Excellent
SEM1_0431,Leela Kaur,25,Male,MCA,1,67.21,6.1,73.1,20,0,Average
SEM1_0432,Nirja Bassi,27,Male,MCA,1,71.83,7.01,94.4,14,0,Average
SEM1_0433,Eesha Solanki,26,Male,MCA,1,77.43,7.38,81.4,21,0,Average
SEM1_0434,Lakshmi Raju,25,Male,MCA,1,75.3,7.15,71.7,30,0,Excellent
SEM1_0435,Max Tandon,25,Male,MCA,1,82.49,8.09,73.3,25,0,Average
SEM1_0436,Balhaar Date,22,Female,MCA,1,58.37,5.76,71.5,21,0,Average
SEM1_0437,Yadavi Narula,26,Male,MCA,1,76.18,7.91,81.7,21,0,Average
SEM1_0438,Harish Sarraf,26,Male,MCA,1,87.91,8.96,70.7,23,0,Average
SEM1_0439,Harish Vora,27,Female,MCA,1,73.12,7.92,77.2,22,0,Average
SEM1_0440,Tanmayi Aurora,24,Female,MCA,1,69.12,7.76,84.3,13,0,Average
SEM1_0441,Maanas Rout,27,Female,MCA,1,73.13,7.47,59.1,27,0,Excellent
SEM1_0442,Mohammed Borde,22,Female,MCA,1,48.69,4.57,85.3,7,0,At-risk
SEM1_0443,Upasna Lanka,26,Male,MCA,1,77.49,8.53,82.5,15,0,Average
SEM1_0444,Hamsini Rao,28,Female,MCA,1,64.11,6.06,86.5,24,0,Average
SEM1_0445,Faris Narasimhan,27,Female,MCA,1,45.15,4.61,79.5,16,0,Average
SEM1_0446,Lajita Nadig,28,Female,MCA,1,81.58,8.26,97.6,22,0,Excellent
SEM1_0447,Vinaya Banik,28,Male,MCA,1,51.14,5.05,77.6,27,0,Average
SEM1_0448,Ekapad Keer,25,Male,MCA,1,69.02,6.62,79.4,26,0,Average
SEM1_0449,Bhavna Karan,23,Female,MCA,1,69.24,7.25,85.0,20,0,Average
SEM1_0450,Gautam Saraf,25,Female,MCA,1,66.4,7.06,75.1,11,0,Average
SEM1_0451,Guneet Chaudhry,23,Male,MCA,1,59.46,5.43,78.1,17,0,Average
SEM1_0452,Sachi Ganesan,22,Male,MCA,1,69.17,7.15,68.6,19,0,Average
SEM1_0453,Chandani Balakrishnan,24,Female,MCA,1,74.69,8.0,94.0,22,0,Average
SEM1_0454,Chakradhar Nair,22,Female,MCA,1,78.24,7.97,71.4,27,0,Excellent
SEM1_0455,Daksh Memon,27,Female,MCA,1,73.51,7.31,83.6,21,0,Average
SEM1_0456,Jagrati Prasad,28,Female,MCA,1,86.42,8.71,89.4,15,0,Average
SEM1_0457,Raagini Dhingra,22,Male,MCA,1,62.12,6.54,73.7,15,0,Average
SEM1_0458,Yash Wali,26,Female,MCA,1,65.13,6.52,89.0,15,0,Average
SEM1_0459,Nisha Gole,22,Male,MCA,1,83.08,8.52,89.3,15,0,Average
SEM1_0460,Onkar Gill,26,Male,MCA,1,71.47,6.74,71.0,23,0,Average
SEM1_0461,Farhan Raja,25,Male,MCA,1,56.74,5.89,90.4,23,0,Average
SEM1_0462,Wridesh Tank,26,Female,MCA,1,79.6,8.05,74.6,15,0,Average
SEM1_0463,Luke Kata,21,Male,MCA,1,68.67,7.04,74.6,20,0,Average
SEM1_0464,Triya Kumar,28,Female,MCA,1,83.65,8.25,87.3,22,0,Average
SEM1_0465,Tripti Kumer,23,Male,MCA,1,64.93,6.54,91.6,16,0,Average
SEM1_0466,Aditya Shroff,25,Male,MCA,1,75.16,7.16,77.6,20,0,Average
SEM1_0467,Bhavna Dugar,23,Female,MCA,1,53.88,5.61,68.0,23,0,Average
SEM1_0468,Ethan Sathe,28,Male,MCA,1,78.3,7.97,90.9,30,0,Excellent
SEM1_0469,Hemani Mistry,25,Male,MCA,1,88.34,9.45,97.7,18,0,Average
SEM1_0470,Panini Krishna,23,Male,MCA,1,66.47,6.78,59.0,23,0,Average
SEM1_0471,Tanmayi Mittal,21,Female,MCA,1,71.34,6.91,91.9,26,0,Excellent
SEM1_0472,Rushil Rajagopalan,25,Female,MCA,1,70.4,7.73,80.0,25,0,Excellent
SEM1_0473,Vasudha Chhabra,22,Female,MCA,1,76.04,7.25,67.9,22,0,Average
SEM1_0474,Warjas Raj,27,Male,MCA,1,90.2,8.9,83.4,28,0,Excellent
SEM1_0475,Jagrati Merchant,24,Female,MCA,1,62.2,7.29,69.0,18,0,Average
SEM1_0476,Chakrika Bains,24,Female,MCA,1,77.39,8.35,95.7,18,0,Average
SEM1_0477,Meghana Maharaj,28,Male,MCA,1,63.93,6.34,89.3,21,0,Average
SEM1_0478,Abhiram Bawa,27,Female,MCA,1,79.99,8.22,72.0,24,0,Average
SEM1_0479,Watika Mangat,23,Male,MCA,1,74.89,7.51,91.9,19,0,Average
SEM1_0480,Victor Pandey,27,Male,MCA,1,67.15,6.64,72.5,19,0,Average
SEM1_0481,Theodore Gupta,26,Female,MCA,1,54.98,5.34,73.9,25,0,Average
SEM1_0482,Zashil Devan,24,Female,MCA,1,64.39,6.17,67.0,18,0,Average
SEM1_0483,Gunbir Baral,25,Female,MCA,1,68.21,6.94,88.8,18,0,Average
SEM1_0484,Dayamai Sastry,24,Female,MCA,1,70.5,6.92,83.0,21,0,Average
SEM1_0485,Bahadurjit Patla,26,Female,MCA,1,57.74,6.05,71.5,20,0,Average
SEM1_0486,Karan Chana,21,Male,MCA,1,68.06,6.77,73.6,29,0,Excellent
SEM1_0487,Chakrika Narain,28,Female,MCA,1,83.29,8.57,75.9,24,0,Excellent
SEM1_0488,Ojasvi Gill,21,Female,MCA,1,73.37,7.24,88.5,20,0,Average
SEM1_0489,Sai Deo,28,Male,MCA,1,45.0,4.5,75.8,25,0,Average
SEM1_0490,Jasmit Wali,27,Male,MCA,1,82.54,8.8,77.3,19,0,Average
SEM1_0491,Yachana Mahajan,21,Male,MCA,1,74.62,7.02,76.5,30,0,Excellent
SEM1_0492,Nitesh Kurian,27,Female,MCA,1,78.61,8.38,68.3,21,0,Average
SEM1_0493,Vasatika Merchant,24,Male,MCA,1,62.91,6.04,84.4,18,0,Average
SEM1_0494,Hamsini Contractor,28,Male,MCA,1,70.09,6.62,82.2,26,0,Average
SEM1_0495,Upadhriti Borra,23,Female,MCA,1,73.16,7.02,84.0,22,0,Average
SEM1_0496,Lohit Kara,21,Male,MCA,1,62.22,6.37,76.9,16,0,Average
SEM1_0497,Mekhala Pau,25,Male,MCA,1,74.96,7.63,93.5,23,0,Average
SEM1_0498,Gautam Rana,27,Male,MCA,1,60.16,6.01,70.9,15,0,Average
SEM1_0499,Akshay Lalla,22,Male,MCA,1,71.3,7.44,95.9,19,0,Average
SEM1_0500,Jatin Sha,22,Male,MCA,1,59.86,5.8,93.9,18,0,Average
SEM1_0501,Jyoti Lala,25,Female,MCA,1,66.01,6.21,100.0,21,0,Average
SEM1_0502,Lakshmi Prabhu,27,Male,MCA,1,80.87,7.36,97.2,19,0,Average
SEM1_0503,Hritik Kaur,23,Male,MCA,1,56.47,5.54,82.5,16,0,Average
SEM1_0504,Urishilla Bakshi,21,Male,MCA,1,66.54,6.5,92.6,17,0,Average
SEM1_0505,Falak Kant,21,Male,MCA,1,79.54,7.56,87.4,21,0,Average
SEM1_0506,Dev Shetty,25,Male,MCA,1,70.34,7.07,93.0,16,0,Average
SEM1_0507,Chasmum Rege,23,Female,MCA,1,77.05,7.77,87.0,13,0,Average
SEM1_0508,Jackson Dey,22,Female,MCA,1,83.47,8.04,89.6,24,0,Excellent
SEM1_0509,Chakradev Barad,26,Male,MCA,1,61.12,5.66,78.9,16,0,Average
SEM1_0510,Daksha Tailor,28,Male,MCA,1,59.49,6.17,78.1,22,0,Average
SEM1_0511,Jack Chatterjee,28,Male,MCA,1,71.45,7.31,63.5,20,0,Average
SEM1_0512,Wahab Yogi,22,Female,MCA,1,68.28,6.99,95.2,15,0,Average
SEM1_0513,Krishna Rama,22,Male,MCA,1,69.3,7.14,69.0,25,0,Average
SEM1_0514,Sudiksha Prabhakar,22,Male,MCA,1,67.07,7.14,77.4,22,0,Average
SEM1_0515,Oni Dubey,21,Female,MCA,1,71.37,6.49,87.8,12,0,Average
SEM1_0516,Oeshi Chaudhary,21,Female,MCA,1,69.62,7.28,81.1,26,0,Average
SEM1_0517,Vrishti Reddy,24,Male,MCA,1,91.09,9.39,77.8,24,0,Excellent
SEM1_0518,Ati Bali,25,Female,MCA,1,77.06,7.31,100.0,28,0,Excellent
SEM1_0519,Kamala Kalla,24,Male,MCA,1,76.23,8.35,62.6,23,0,Average
SEM1_0520,Sachi Saxena,27,Female,MCA,1,76.51,7.51,98.9,23,0,Average
SEM1_0521,Warinder Patil,21,Male,MCA,1,53.34,5.69,84.3,22,0,Average
SEM1_0522,Hardik Pillai,28,Female,MCA,1,68.71,6.67,90.4,12,0,At-risk
SEM1_0523,Jagrati Bhat,26,Male,MCA,1,66.44,6.19,84.8,22,0,Average
SEM1_0524,Mitali Majumdar,25,Female,MCA,1,49.64,5.03,84.5,17,0,Average
SEM1_0525,Ranveer Das,25,Female,MCA,1,60.53,5.94,81.6,20,0,Average
SEM1_0526,Suhani Chand,25,Male,MCA,1,76.99,7.36,77.9,23,0,Average
SEM1_0527,Simon Bail,24,Male,MCA,1,69.84,6.76,58.1,26,0,Average
SEM1_0528,Chandresh Nath,25,Male,MCA,1,76.28,7.15,72.9,19,0,Average
SEM1_0529,Yagnesh Dass,25,Female,MCA,1,83.57,8.81,78.3,17,0,Average
SEM1_0530,Samesh Biswas,24,Female,MCA,1,68.5,6.82,74.7,12,0,Average
SEM1_0531,Sarthak Kalita,28,Male,MCA,1,75.54,7.46,93.7,27,0,Excellent
SEM1_0532,Viraj Narasimhan,22,Female,MCA,1,66.38,6.38,98.2,24,0,Average
SEM1_0533,Manbir Agate,25,Male,MCA,1,73.52,7.79,77.7,26,0,Excellent
SEM1_0534,Aradhana Dhillon,28,Female,MCA,1,69.87,6.97,92.2,10,0,Average
SEM1_0535,Kalpit Zachariah,24,Female,MCA,1,69.74,6.94,95.1,17,0,Average
SEM1_0536,Zashil Ghosh,26,Male,MCA,1,60.21,5.98,85.8,16,0,Average
SEM1_0537,Imaran Bal,23,Female,MCA,1,72.73,7.16,92.8,25,0,Excellent
SEM1_0538,Karan Aurora,27,Male,MCA,1,60.48,6.21,61.3,14,0,At-risk
SEM1_0539,Ishita Khanna,25,Female,MCA,1,86.96,8.53,71.6,19,0,Average
SEM1_0540,Ekiya Babu,23,Male,MCA,1,75.44,7.72,76.4,19,0,Average
SEM1_0541,Owen Lanka,26,Male,MCA,1,72.83,7.1,76.4,20,0,Average
SEM1_0542,Charles Date,24,Male,MCA,1,72.31,7.2,79.6,11,0,Average
SEM1_0543,Oviya Vora,27,Female,MCA,1,54.66,5.59,69.8,25,0,Average
SEM1_0544,Ishaan Bhatt,26,Male,MCA,1,79.8,7.95,74.0,22,0,Average
SEM1_0545,Vamakshi Sen,25,Male,MCA,1,78.36,7.64,60.1,17,0,Average
SEM1_0546,Janaki Varghese,25,Female,MCA,1,64.25,5.41,76.3,15,0,At-risk
SEM1_0547,Ikbal Seth,26,Female,MCA,1,74.52,7.04,86.1,24,0,Average
SEM1_0548,Yahvi Kant,26,Male,MCA,1,70.3,6.63,62.5,18,0,Average
SEM1_0549,Caleb Verma,24,Female,MCA,1,87.68,8.47,85.3,14,0,Average
SEM1_0550,Charvi Shanker,24,Male,MCA,1,68.74,6.52,72.5,13,0,Average
SEM1_0551,Azaan Bhat,27,Male,MCA,1,77.17,8.06,76.2,26,0,Excellent
SEM1_0552,Varenya Ratti,25,Female,MCA,1,65.04,6.09,88.9,24,0,Average
SEM1_0553,Pooja Chokshi,25,Male,MCA,1,69.2,6.28,66.9,29,0,Average
SEM1_0554,Vritti Sawhney,21,Female,MCA,1,64.16,6.29,84.4,21,0,Average
SEM1_0555,Ethan Buch,21,Male,MCA,1,86.7,8.77,86.6,16,0,Average
SEM1_0556,Ekanta Divan,24,Male,MCA,1,68.04,7.12,84.5,26,0,Average
SEM1_0557,Dominic Date,21,Female,MCA,1,88.23,9.14,62.8,29,0,Excellent
SEM1_0558,Anvi Nair,25,Female,MCA,1,64.34,6.07,87.6,27,0,Average
SEM1_0559,Lakshmi Wali,22,Male,MCA,1,82.73,8.39,77.1,9,0,Average
SEM1_0560,Chaitaly Setty,24,Female,MCA,1,77.33,7.36,99.1,14,0,Average
SEM1_0561,Yashasvi Sani,23,Female,MCA,1,74.19,7.45,96.2,30,0,Excellent
SEM1_0562,Hardik Contractor,26,Male,MCA,1,72.01,6.62,90.6,19,0,Average
SEM1_0563,Tanveer Sani,28,Female,MCA,1,62.02,6.57,99.0,21,0,Average
SEM1_0564,Siya Kari,21,Male,MCA,1,73.52,7.48,81.5,16,0,Average
SEM1_0565,Odika Nori,24,Male,MCA,1,84.13,9.02,91.7,14,0,Average
SEM1_0566,Sudiksha Rastogi,28,Male,MCA,1,79.09,7.99,86.5,19,0,Average
SEM1_0567,Ojasvi Chandran,28,Female,MCA,1,68.22,6.92,67.0,16,0,Average
SEM1_0568,Dhriti Sane,28,Male,MCA,1,69.0,6.93,85.5,16,0,Average
SEM1_0569,Dhriti Kumer,21,Male,MCA,1,86.18,8.06,66.1,17,0,Average
SEM1_0570,Kavya Dua,27,Female,MCA,1,65.81,7.08,55.1,26,0,Average
SEM1_0571,Urvi Bhavsar,22,Male,MCA,1,63.82,5.81,92.1,26,0,Average
SEM1_0572,Gavin Chada,23,Female,MCA,1,68.01,6.88,69.7,26,0,Average
SEM1_0573,Girik Sankaran,21,Male,MCA,1,72.0,7.58,87.5,27,0,Excellent
SEM1_0574,Gopal Pradhan,25,Male,MCA,1,54.62,5.34,84.2,20,0,Average
SEM1_0575,Kalpit Bhasin,23,Male,MCA,1,63.47,6.38,91.8,30,0,Excellent
SEM1_0576,Forum Das,23,Male,MCA,1,59.3,5.93,74.1,15,0,Average
SEM1_0577,Nirja Pandya,26,Male,MCA,1,80.36,8.12,83.5,26,0,Excellent
SEM1_0578,Pallavi Behl,23,Male,MCA,1,85.66,8.09,78.5,23,0,Excellent
SEM1_0579,Bhavna Muni,23,Male,MCA,1,68.26,6.77,87.7,25,0,Excellent
SEM1_0580,Indira Chawla,23,Female,MCA,1,60.25,5.93,95.9,23,0,Average
SEM1_0581,Yashica Kala,27,Male,MCA,1,74.18,7.08,79.1,22,0,Average
SEM1_0582,Mohammed Subramaniam,24,Female,MCA,1,67.06,6.87,70.2,14,0,Average
SEM1_0583,Udarsh Chokshi,27,Female,MCA,1,69.87,7.32,95.8,14,0,Average
SEM1_0584,Inaya Pillai,26,Female,MCA,1,64.21,6.56,81.3,20,0,Average
SEM1_0585,Ishwar Mallick,27,Female,MCA,1,54.03,5.92,71.7,18,0,Average
SEM1_0586,Upkaar Sanghvi,21,Female,MCA,1,68.41,7.6,91.9,21,0,Average
SEM1_0587,Atharv Loke,25,Female,MCA,1,73.85,7.87,81.2,16,0,Average
SEM1_0588,Ayush Gole,24,Male,MCA,1,80.04,7.98,79.2,30,0,Excellent
SEM1_0589,Anjali More,21,Male,MCA,1,84.02,8.51,79.5,16,0,Average
SEM1_0590,Harinakshi Panchal,22,Female,MCA,1,76.34,7.7,79.0,22,0,Average
SEM1_0591,Abeer Golla,27,Female,MCA,1,73.87,7.55,93.8,20,0,Average
SEM1_0592,Luke Rattan,26,Male,MCA,1,80.44,8.74,71.7,17,0,Average
SEM1_0593,Ekaraj Dhar,23,Male,MCA,1,69.66,7.25,77.1,13,0,Average
SEM1_0594,Azaan Chand,21,Female,MCA,1,84.08,8.5,93.8,22,0,Excellent
SEM1_0595,Tanveer Puri,21,Male,MCA,1,56.78,6.29,80.5,23,0,Average
SEM1_0596,Oni Setty,27,Male,MCA,1,77.05,7.25,82.9,21,0,Average
SEM1_0597,Harita Dugar,22,Male,MCA,1,56.56,5.7,74.1,21,0,Average
SEM1_0598,Kala Muni,23,Female,MCA,1,69.9,6.82,67.4,19,0,Average
SEM1_0599,Ekta Chad,25,Male,MCA,1,48.24,4.71,78.0,21,0,Average
SEM1_0600,Charles Dugal,25,Female,MCA,1,72.09,7.8,99.0,21,0,Average
SEM1_0601,Nakul Bawa,25,Male,MCA,1,93.04,9.51,75.1,24,0,Excellent
SEM1_0602,Finn Magar,21,Male,MCA,1,73.2,7.66,58.9,26,0,Excellent
SEM1_0603,Saanvi Samra,23,Female,MCA,1,45.59,4.5,81.1,23,0,Average
SEM1_0604,Vedika Sathe,26,Male,MCA,1,83.34,8.22,77.9,22,0,Average
SEM1_0605,Oeshi Mahajan,22,Female,MCA,1,57.96,6.72,71.0,13,0,Average
SEM1_0606,Tanveer Vala,26,Male,MCA,1,68.52,6.68,66.3,22,0,Average
SEM1_0607,Ishaan Pai,27,Female,MCA,1,66.03,6.98,74.5,28,0,Excellent
SEM1_0608,Qushi Choudhry,23,Female,MCA,1,74.83,7.2,84.2,26,0,Average
SEM1_0609,Bhanumati Sur,25,Female,MCA,1,73.57,7.36,84.0,16,0,Average
SEM1_0610,Darika Bath,24,Male,MCA,1,69.16,6.71,68.3,19,0,Average
SEM1_0611,Thomas Rana,27,Female,MCA,1,83.43,7.74,68.2,21,0,Average
SEM1_0612,Christopher Amble,25,Female,MCA,1,58.42,6.08,71.9,20,0,Average
SEM1_0613,Samarth Mitra,22,Female,MCA,1,55.79,5.73,86.1,29,0,Excellent
SEM1_0614,Siddharth Devan,28,Male,MCA,1,80.28,7.64,79.6,17,0,Average
SEM1_0615,Aadhya Mann,21,Female,MCA,1,53.53,5.39,80.0,19,0,Average
SEM1_0616,Falak Dar,25,Male,MCA,1,62.92,6.52,81.2,19,0,Average
SEM1_0617,Abhimanyu Tank,28,Male,MCA,1,80.53,8.79,85.8,7,0,Average
SEM1_0618,Qushi Gill,25,Male,MCA,1,72.5,7.33,90.7,21,0,Average
SEM1_0619,Kai Rai,23,Male,MCA,1,87.59,8.61,81.4,24,0,Excellent
SEM1_0620,Victor Tella,24,Female,MCA,1,64.1,6.12,69.3,30,0,Excellent
SEM1_0621,Irya Bora,22,Female,MCA,1,64.75,6.54,65.1,20,0,Average
SEM1_0622,Mekhala Basak,21,Male,MCA,1,56.37,6.01,86.0,30,0,Average
SEM1_0623,Rajata Bahl,22,Male,MCA,1,76.8,7.75,86.5,18,0,Average
SEM1_0624,Tripti Brahmbhatt,23,Male,MCA,1,76.51,8.37,80.0,24,0,Average
SEM1_0625,Dhriti Sanghvi,24,Male,MCA,1,63.93,5.8,85.6,21,0,Average
SEM1_0626,Nidhi Sahni,27,Male,MCA,1,64.99,6.15,77.2,26,0,Average
SEM1_0627,Bimala Contractor,27,Female,MCA,1,72.22,6.71,73.1,11,0,Average
SEM1_0628,Nidhi Bail,23,Female,MCA,1,79.64,7.42,73.7,23,0,Average
SEM1_0629,Ekta Garg,28,Male,MCA,1,85.41,8.3,64.9,14,0,Average
SEM1_0630,Triveni Pathak,28,Male,MCA,1,64.71,6.19,68.9,21,0,Average
SEM1_0631,Gaurang Sarkar,27,Male,MCA,1,66.35,6.78,83.3,21,0,Average
SEM1_0632,Hitesh Kohli,21,Female,MCA,1,84.3,8.49,100.0,18,0,Average
SEM1_0633,Rajata Rattan,23,Male,MCA,1,70.71,7.19,92.0,24,0,Average
SEM1_0634,Farhan Randhawa,21,Male,MCA,1,67.74,7.13,88.7,14,0,Average
SEM1_0635,Dayita Nori,23,Male,MCA,1,69.96,7.63,76.5,25,0,Average
SEM1_0636,Timothy Nath,25,Male,MCA,1,68.66,7.08,71.5,30,0,Excellent
SEM1_0637,Om Bose,23,Female,MCA,1,75.79,7.71,74.1,22,0,Average
SEM1_0638,Yashvi Comar,25,Male,MCA,1,81.37,8.44,76.8,17,0,Average
SEM1_0639,Yashvi Hari,22,Female,MCA,1,72.73,7.34,66.1,24,0,Average
SEM1_0640,Ikshita Panchal,28,Male,MCA,1,64.7,6.62,80.4,13,0,At-risk
SEM1_0641,Manbir Keer,21,Male,MCA,1,45.0,4.83,80.2,25,0,Average
SEM1_0642,Harshil Dhingra,28,Male,MCA,1,72.24,7.16,78.9,25,0,Excellent
SEM1_0643,Aahana Hora,25,Female,MCA,1,85.99,8.47,85.1,18,0,Average
SEM1_0644,Oscar Dua,21,Female,MCA,1,90.27,9.33,71.7,10,0,Average
SEM1_0645,Faqid Goel,26,Male,MCA,1,71.97,7.2,77.7,23,0,Average
SEM1_0646,Wakeeta Shetty,21,Male,MCA,1,67.91,6.54,85.2,22,0,Average
SEM1_0647,Saumya Naidu,21,Male,MCA,1,72.34,6.87,67.7,13,0,Average
SEM1_0648,Diya Dora,21,Male,MCA,1,80.07,8.45,75.5,17,0,Average
SEM1_0649,Ria Bir,27,Male,MCA,1,83.38,8.35,77.9,28,0,Excellent
SEM1_0650,Upasna Sathe,22,Male,MCA,1,74.96,7.21,88.2,21,0,Average
SEM1_0651,Chavvi Maharaj,24,Female,MCA,1,74.88,7.29,65.8,17,0,Average
SEM1_0652,Daksh Pandey,28,Male,MCA,1,82.3,7.96,72.4,11,0,Average
SEM1_0653,Yashica Borah,23,Female,MCA,1,81.2,8.01,79.8,25,0,Average
SEM1_0654,Dayita Shenoy,27,Female,MCA,1,68.88,6.84,76.7,15,0,Average
SEM1_0655,Siya Barad,21,Male,MCA,1,68.15,6.92,71.1,22,0,Average
SEM1_0656,Dakshesh Pillay,25,Female,MCA,1,67.32,6.94,75.9,21,0,Average
SEM1_0657,Bhavini Bose,28,Female,MCA,1,87.7,8.79,73.6,16,0,Average
SEM1_0658,Gautam Tripathi,24,Female,MCA,1,57.37,5.31,81.6,16,0,Average
SEM1_0659,Leena Shere,25,Male,MCA,1,86.46,8.65,87.9,27,0,Excellent
SEM1_0660,Benjamin Sengupta,26,Male,MCA,1,60.04,5.56,62.1,18,0,Average
SEM1_0661,Raghav Nagy,25,Male,MCA,1,77.57,7.71,84.0,17,0,Average
SEM1_0662,Vamakshi Thaker,22,Male,MCA,1,66.34,6.22,84.9,26,0,Average
SEM1_0663,Matthew Bhatia,27,Male,MCA,1,59.51,5.56,66.0,27,0,Average
SEM1_0664,Shravya Chauhan,24,Male,MCA,1,61.16,5.78,76.9,17,0,Average
SEM1_0665,Hemal Chad,22,Male,MCA,1,83.83,8.97,70.1,27,0,Excellent
SEM1_0666,Yamini Gera,26,Male,MCA,1,77.34,7.55,84.9,26,0,Excellent
SEM1_0667,Balveer Kota,26,Female,MCA,1,60.9,6.49,81.4,17,0,Average
SEM1_0668,Raksha Sarna,25,Female,MCA,1,58.17,5.66,72.1,20,0,Average
SEM1_0669,Nathan Patla,26,Female,MCA,1,76.73,7.6,86.6,16,0,Average
SEM1_0670,Kashish Mandal,28,Female,MCA,1,73.22,6.84,81.6,15,0,Average
SEM1_0671,Lila Rege,21,Male,MCA,1,75.81,7.53,86.2,28,0,Excellent
SEM1_0672,Hamsini Ben,25,Male,MCA,1,55.3,5.64,81.8,11,0,At-risk
SEM1_0673,Gaurika Bhatti,24,Male,MCA,1,66.24,5.61,87.0,19,0,Average
SEM1_0674,Forum Chandra,21,Female,MCA,1,75.98,7.32,60.9,18,0,Average
SEM1_0675,Libni Mander,24,Female,MCA,1,73.6,7.56,87.8,23,0,Average
SEM1_0676,Zayyan Doctor,21,Male,MCA,1,82.94,8.88,70.6,28,0,Excellent
SEM1_0677,Gauri Bumb,24,Female,MCA,1,60.65,6.24,83.0,28,0,Average
SEM1_0678,Lohit Palla,22,Male,MCA,1,62.69,5.74,79.1,20,0,Average
SEM1_0679,Dayita Ramanathan,26,Male,MCA,1,72.6,7.59,69.9,24,0,Average
SEM1_0680,Kai Chad,24,Female,MCA,1,70.53,7.39,84.6,14,0,Average
SEM1_0681,Dayita Puri,23,Female,MCA,1,87.19,8.95,61.4,24,0,Average
SEM1_0682,Falguni Datta,28,Female,MCA,1,73.97,7.27,72.3,22,0,Average
SEM1_0683,Girik Sampath,23,Female,MCA,1,83.65,8.33,88.5,18,0,Average
SEM1_0684,Yashoda Pathak,23,Male,MCA,1,70.56,6.96,67.2,23,0,Average
SEM1_0685,Andrew Patil,25,Male,MCA,1,60.32,6.21,86.3,11,0,At-risk
SEM1_0686,Dayamai Gole,23,Male,MCA,1,80.8,8.1,87.7,17,0,Average
SEM1_0687,Tanish Om,26,Male,MCA,1,95.0,9.8,68.5,22,0,Excellent
SEM1_0688,Vedika Handa,24,Female,MCA,1,57.04,5.83,81.9,23,0,Average
SEM1_0689,Upkaar Devan,28,Male,MCA,1,83.16,8.84,77.5,30,0,Excellent
SEM1_0690,Mohammed Brahmbhatt,25,Female,MCA,1,75.56,7.75,74.5,30,0,Excellent
SEM1_0691,Chakrika Chaudhuri,26,Female,MCA,1,76.44,7.05,85.5,19,0,Average
SEM1_0692,Yashica Zacharia,21,Female,MCA,1,80.2,7.29,76.8,28,0,Excellent
SEM1_0693,Baljiwan Nayar,28,Male,MCA,1,95.0,9.63,79.0,12,0,Average
SEM1_0694,Karan Puri,21,Female,MCA,1,70.73,6.9,86.3,20,0,Average
SEM1_0695,Mitesh Gaba,24,Female,MCA,1,73.18,7.08,91.8,19,0,Average
SEM1_0696,Pratyush Gandhi,22,Female,MCA,1,56.19,6.38,65.8,11,0,At-risk
SEM1_0697,Raksha Bassi,28,Female,MCA,1,69.24,6.64,82.2,18,0,Average
SEM1_0698,Nirja Patla,28,Male,MCA,1,82.16,8.52,65.8,14,0,Average
SEM1_0699,Wazir Sawhney,27,Male,MCA,1,62.36,5.83,88.7,20,0,Average
SEM1_0700,Bhavani Sen,25,Male,MCA,1,94.04,9.73,75.8,24,0,Excellent
SEM1_0701,Vivaan Walla,24,Female,MCA,1,85.7,8.0,82.4,17,0,Average
SEM1_0702,William More,28,Male,MCA,1,79.1,8.42,84.5,25,0,Excellent
SEM1_0703,Upasna Hari,25,Male,MCA,1,74.5,7.73,76.0,16,0,Average
SEM1_0704,Jhalak Sastry,27,Male,MCA,1,83.27,8.53,73.0,12,0,Average
SEM1_0705,Triya Manda,22,Male,MCA,1,71.07,7.02,68.3,19,0,Average
SEM1_0706,Lavanya Thakkar,25,Male,MCA,1,68.38,7.43,60.9,27,0,Average
SEM1_0707,Omya Edwin,28,Male,MCA,1,72.8,6.98,77.9,24,0,Average
SEM1_0708,Ryan Devi,26,Female,MCA,1,73.62,6.98,94.2,19,0,Average
SEM1_0709,Zashil Ben,21,Male,MCA,1,82.18,8.49,86.5,24,0,Excellent
SEM1_0710,Vasana Prabhu,23,Female,MCA,1,65.75,7.05,88.9,20,0,Average
SEM1_0711,Harshil Varty,24,Male,MCA,1,82.55,8.19,73.2,15,0,Average
SEM1_0712,Jeet Mane,21,Male,MCA,1,86.18,9.19,76.3,19,0,Average
SEM1_0713,Fiyaz Dyal,27,Female,MCA,1,60.42,5.45,81.2,17,0,Average
SEM1_0714,Anjali Sengupta,26,Female,MCA,1,82.0,7.94,96.6,19,0,Average
SEM1_0715,Yochana Din,28,Female,MCA,1,69.18,6.95,81.5,20,0,Average
SEM1_0716,Rajeshri Chand,28,Male,MCA,1,45.0,4.72,96.4,22,0,Average
SEM1_0717,Tristan Seshadri,24,Female,MCA,1,48.43,4.66,72.3,20,0,Average
SEM1_0718,Ikshita Bala,27,Female,MCA,1,85.2,8.7,75.2,17,0,Average
SEM1_0719,Oeshi Bera,24,Female,MCA,1,53.38,5.38,91.5,20,0,Average
SEM1_0720,Meghana Thakkar,26,Female,MCA,1,65.96,6.94,72.9,12,0,Average
SEM1_0721,Kashvi Keer,24,Male,MCA,1,76.6,7.6,66.7,20,0,Average
SEM1_0722,Libni Bumb,26,Male,MCA,1,81.76,8.27,74.9,16,0,Average
SEM1_0723,Kavya Kapur,25,Male,MCA,1,71.02,6.71,66.9,30,0,Excellent
SEM1_0724,Ayaan Nagar,21,Female,MCA,1,81.37,7.3,75.0,25,0,Average
SEM1_0725,Hardik Nayak,27,Female,MCA,1,72.11,7.41,62.6,18,0,Average
SEM1_0726,Madhav Devan,25,Male,MCA,1,78.05,7.84,73.7,22,0,Average
SEM1_0727,Balvan Mangat,27,Female,MCA,1,66.19,6.53,78.4,22,0,Average
SEM1_0728,Urmi Dewan,21,Male,MCA,1,73.47,7.36,85.6,29,0,Excellent
SEM1_0729,Upasna Sen,21,Male,MCA,1,91.88,9.8,68.2,18,0,Excellent
SEM1_0730,Abdul Buch,21,Female,MCA,1,71.59,7.81,84.2,21,0,Average
SEM1_0731,Anirudh Kunda,24,Female,MCA,1,84.87,8.27,76.0,14,0,Average
SEM1_0732,Tanveer Doctor,27,Female,MCA,1,52.9,5.8,79.2,11,0,At-risk
SEM1_0733,Pallavi Choudhry,24,Female,MCA,1,64.4,6.19,62.8,20,0,Average
SEM1_0734,Bhavya Khanna,26,Female,MCA,1,77.91,8.17,82.1,21,0,Average
SEM1_0735,Charvi Dara,24,Female,MCA,1,88.32,9.05,72.4,19,0,Average
SEM1_0736,Champak Khare,23,Male,MCA,1,62.98,6.56,77.1,20,0,Average
SEM1_0737,Oni Shankar,24,Female,MCA,1,91.51,9.25,89.4,15,0,Average
SEM1_0738,Dev Choudhry,21,Male,MCA,1,59.79,5.27,79.0,17,0,Average
SEM1_0739,Xalak Wason,24,Male,MCA,1,58.79,5.14,82.9,20,0,Average
SEM1_0740,Amol Varma,27,Male,MCA,1,60.9,5.82,82.0,18,0,Average
SEM1_0741,Wyatt Dhawan,26,Male,MCA,1,63.76,6.61,78.6,26,0,Average
SEM1_0742,Bishakha Sanghvi,22,Male,MCA,1,68.59,7.28,64.7,15,0,Average
SEM1_0743,Aarav Pandit,27,Female,MCA,1,64.55,6.22,96.5,16,0,Average
SEM1_0744,Wridesh Saha,28,Female,MCA,1,59.6,5.74,87.3,19,0,Average
SEM1_0745,Rachit Chada,27,Female,MCA,1,87.33,8.74,81.0,21,0,Excellent
SEM1_0746,Jalsa Bir,28,Male,MCA,1,61.55,6.21,76.6,20,0,Average
SEM1_0747,Yashica Tripathi,24,Female,MCA,1,82.47,8.51,89.4,17,0,Average
SEM1_0748,Anmol Ramakrishnan,28,Male,MCA,1,54.12,5.65,68.5,24,0,Average
SEM1_0749,Upma Bassi,21,Male,MCA,1,76.22,8.17,78.0,11,0,Average
SEM1_0750,Lila Prakash,27,Male,MCA,1,53.96,6.08,90.3,17,0,Average
SEM1_0751,Zehaan Babu,23,Male,MCA,1,52.34,5.21,80.2,13,0,At-risk
SEM1_0752,Ishanvi Bir,21,Female,MCA,1,63.55,6.5,87.2,21,0,Average
SEM1_0753,Hemani Khosla,22,Female,MCA,1,67.9,6.89,90.4,22,0,Average
SEM1_0754,Hemang Natarajan,26,Female,MCA,1,81.82,8.0,80.3,17,0,Average
SEM1_0755,Kiaan Basu,26,Male,MCA,1,75.96,6.96,84.0,16,0,Average
SEM1_0756,Indira Nigam,26,Female,MCA,1,76.39,6.81,100.0,21,0,Average
SEM1_0757,Parth Shetty,25,Male,MCA,1,76.26,8.01,75.9,17,0,Average
SEM1_0758,Varenya Gopal,22,Male,MCA,1,70.51,7.23,88.2,22,0,Average
SEM1_0759,Krishna Bhatnagar,25,Female,MCA,1,58.03,6.23,83.2,19,0,Average
SEM1_0760,Tanvi Bansal,27,Female,MCA,1,77.11,7.88,90.7,16,0,Average
SEM1_0761,Chaaya Jaggi,27,Female,MCA,1,66.58,6.63,90.8,18,0,Average
SEM1_0762,Caleb Iyengar,25,Male,MCA,1,90.48,8.68,55.0,21,0,Average
SEM1_0763,Benjamin Mutti,24,Female,MCA,1,64.53,6.47,79.3,21,0,Average
SEM1_0764,Dayita Varma,25,Male,MCA,1,68.65,7.3,89.5,15,0,Average
SEM1_0765,Mitali Solanki,26,Male,MCA,1,68.78,6.92,90.0,21,0,Average
SEM1_0766,Zehaan Bansal,27,Male,MCA,1,81.67,8.25,74.4,17,0,Average
SEM1_0767,Rayaan Mangal,23,Female,MCA,1,75.11,6.96,77.9,26,0,Excellent
SEM1_0768,Ishanvi Batta,27,Female,MCA,1,51.76,5.34,95.0,18,0,Average
SEM1_0769,Garima Mahajan,26,Male,MCA,1,73.24,7.1,81.0,17,0,Average
SEM1_0770,Jeet Pillai,21,Male,MCA,1,81.93,7.65,86.6,26,0,Excellent
SEM1_0771,Rajeshri Ratta,27,Male,MCA,1,61.43,6.36,71.3,18,0,Average
SEM1_0772,Ria Raju,25,Male,MCA,1,63.95,6.43,83.9,22,0,Average
SEM1_0773,Harinakshi Grover,26,Male,MCA,1,79.07,8.25,86.4,22,0,Excellent
SEM1_0774,Watika Tank,21,Male,MCA,1,58.32,5.41,82.9,16,0,Average
SEM1_0775,Jhalak Venkataraman,26,Female,MCA,1,80.64,8.06,75.4,18,0,Average
SEM1_0776,Amara Butala,28,Female,MCA,1,88.22,8.96,70.4,17,0,Average
SEM1_0777,Panini Brar,21,Female,MCA,1,86.67,8.86,74.9,11,0,Average
SEM1_0778,Qushi Gole,22,Female,MCA,1,71.55,6.82,66.5,12,0,Average
SEM1_0779,Chaaya Nagi,23,Female,MCA,1,76.97,7.59,82.9,16,0,Average
SEM1_0780,Harshil Buch,24,Female,MCA,1,76.89,7.27,90.6,17,0,Average
SEM1_0781,Falak Merchant,26,Female,MCA,1,85.59,8.43,68.6,23,0,Excellent
SEM1_0782,Damini Sehgal,26,Female,MCA,1,59.39,6.35,91.4,13,0,Average
SEM1_0783,Pooja Ganesan,26,Female,MCA,1,81.73,8.13,92.2,21,0,Excellent
SEM1_0784,Sachi Panchal,23,Male,MCA,1,84.0,8.66,73.6,21,0,Average
SEM1_0785,Sanya Basak,25,Female,MCA,1,87.24,8.25,62.8,10,0,Average
SEM1_0786,Ira Saran,22,Female,MCA,1,64.27,6.56,85.8,19,0,Average
SEM1_0787,Anvi Bhandari,21,Female,MCA,1,74.33,7.69,70.4,24,0,Excellent
SEM1_0788,Falan Ravi,21,Male,MCA,1,57.74,5.59,86.6,15,0,Average
SEM1_0789,Januja Varghese,26,Female,MCA,1,69.56,7.11,73.1,16,0,Average
SEM1_0790,Nathaniel Balasubramanian,25,Female,MCA,1,72.78,7.79,80.1,17,0,Average
SEM1_0791,Luke Sarma,24,Male,MCA,1,67.51,7.16,77.5,17,0,Average
SEM1_0792,Bakhshi Date,21,Male,MCA,1,73.04,7.11,88.3,21,0,Average
SEM1_0793,Ekalinga Keer,22,Female,MCA,1,84.28,8.42,97.8,18,0,Average
SEM1_0794,Jeevika Pathak,21,Female,MCA,1,77.47,7.53,82.0,23,0,Average
SEM1_0795,Leela Bali,25,Male,MCA,1,85.45,8.51,93.7,18,0,Average
SEM1_0796,Mitesh Sengupta,21,Female,MCA,1,74.29,8.0,93.1,15,0,Average
SEM1_0797,Kamala Prabhu,28,Female,MCA,1,64.67,6.23,71.2,26,0,Average
SEM1_0798,Sachi Bose,21,Male,MCA,1,72.22,7.73,74.9,20,0,Average
SEM1_0799,Laksh Wagle,26,Male,MCA,1,69.6,6.96,96.5,17,0,Average
SEM1_0800,Jeevika Rao,27,Female,MCA,1,67.89,6.91,92.6,17,0,Average
SEM1_0801,Dipta Mallick,24,Male,MCA,1,68.93,7.31,86.0,18,0,Average
SEM1_0802,Zaid Comar,23,Female,MCA,1,91.48,9.33,67.8,10,0,Average
SEM1_0803,Atharv Grewal,26,Female,MCA,1,89.49,8.81,77.7,30,0,Excellent
SEM1_0804,Xalak Vasa,25,Female,MCA,1,58.26,5.74,86.3,20,0,Average
SEM1_0805,Lila Dalal,23,Female,MCA,1,61.25,6.17,72.0,19,0,Average
SEM1_0806,Adweta Lad,25,Male,MCA,1,93.07,9.11,75.3,24,0,Excellent
SEM1_0807,Sanaya Kala,23,Female,MCA,1,77.59,6.84,67.7,25,0,Average
SEM1_0808,Bhavika Swaminathan,27,Male,MCA,1,74.03,7.57,69.4,24,0,Average
SEM1_0809,Ryan Das,25,Male,MCA,1,82.33,8.78,68.3,16,0,Average
SEM1_0810,Krishna Borah,26,Male,MCA,1,83.3,8.05,70.5,13,0,Average
SEM1_0811,Siya Gera,23,Female,MCA,1,59.29,5.49,77.1,21,0,Average
SEM1_0812,Sai Chahal,21,Female,MCA,1,66.91,6.74,75.3,15,0,Average
SEM1_0813,Ekaja Palan,27,Male,MCA,1,68.02,7.24,78.8,23,0,Average
SEM1_0814,Dhruv Mannan,25,Male,MCA,1,87.56,8.54,85.9,22,0,Excellent
SEM1_0815,Charita Dugar,21,Male,MCA,1,73.26,6.91,98.7,25,0,Excellent
SEM1_0816,Owen Pathak,23,Female,MCA,1,69.26,7.28,85.2,20,0,Average
SEM1_0817,Yashoda Kapur,25,Female,MCA,1,64.1,6.41,80.3,30,0,Excellent
SEM1_0818,Jairaj Iyer,21,Male,MCA,1,87.89,8.42,84.7,21,0,Excellent
SEM1_0819,Liam Khalsa,21,Male,MCA,1,72.22,7.42,81.9,17,0,Average
SEM1_0820,Wakeeta Bal,23,Female,MCA,1,65.76,6.58,84.1,28,0,Excellent
SEM1_0821,Jalsa Pillay,28,Female,MCA,1,91.99,9.8,78.3,16,0,Average
SEM1_0822,Unni Dayal,21,Female,MCA,1,68.3,6.64,82.9,13,0,Average
SEM1_0823,Gabriel Bhatti,22,Male,MCA,1,78.61,7.42,87.8,15,0,Average
SEM1_0824,Dayamai Rao,24,Male,MCA,1,82.23,7.81,77.5,25,0,Excellent
SEM1_0825,Varenya Vora,26,Male,MCA,1,85.61,8.57,80.2,24,0,Excellent
SEM1_0826,Nirja Rout,24,Female,MCA,1,78.36,7.83,92.0,15,0,Average
SEM1_0827,Ethan Dass,26,Male,MCA,1,68.61,7.27,79.0,10,0,At-risk
SEM1_0828,Edhitha Borah,23,Female,MCA,1,76.19,6.89,78.3,19,0,Average
SEM1_0829,Shivani Shukla,25,Male,MCA,1,63.15,6.13,61.1,18,0,Average
SEM1_0830,Zansi Padmanabhan,22,Female,MCA,1,70.64,6.35,87.4,23,0,Average
SEM1_0831,Kabir Gopal,24,Female,MCA,1,63.4,6.06,95.8,19,0,Average
SEM1_0832,Kai Sant,25,Female,MCA,1,62.7,6.77,75.8,24,0,Average
SEM1_0833,Yadavi Bhakta,26,Male,MCA,1,68.45,6.99,76.6,24,0,Average
SEM1_0834,Jeet Vasa,27,Male,MCA,1,83.58,8.3,78.2,16,0,Average
SEM1_0835,Michael Modi,28,Female,MCA,1,78.8,7.81,62.9,22,0,Average
SEM1_0836,Nitesh Edwin,28,Female,MCA,1,84.82,8.79,68.1,23,0,Excellent
SEM1_0837,Ekantika Kar,24,Female,MCA,1,63.9,6.23,71.7,13,0,Average
SEM1_0838,Hiral Venkataraman,22,Female,MCA,1,88.01,9.04,78.6,26,0,Excellent
SEM1_0839,Bhanumati Brar,23,Female,MCA,1,63.88,6.29,83.0,22,0,Average
SEM1_0840,Zashil Hegde,26,Female,MCA,1,59.22,6.11,81.5,26,0,Average
SEM1_0841,Anvi Dass,25,Male,MCA,1,65.23,6.67,77.2,21,0,Average
SEM1_0842,Chavvi Walla,25,Male,MCA,1,63.71,6.34,63.2,21,0,Average
SEM1_0843,Girik Thakkar,25,Male,MCA,1,66.66,6.72,80.4,26,0,Excellent
SEM1_0844,Om Dube,24,Female,MCA,1,83.38,8.12,69.9,13,0,Average
SEM1_0845,Onveer Nazareth,27,Female,MCA,1,77.84,8.0,72.6,18,0,Average
SEM1_0846,Benjamin Balakrishnan,28,Female,MCA,1,64.01,6.1,84.8,23,0,Average
SEM1_0847,Finn Bath,21,Male,MCA,1,74.01,7.25,87.5,19,0,Average
SEM1_0848,Alka Kade,25,Female,MCA,1,74.54,7.17,67.8,17,0,Average
SEM1_0849,Omaja Balasubramanian,22,Female,MCA,1,69.46,6.61,92.1,17,0,Average
SEM1_0850,Widisha Mann,27,Male,MCA,1,75.78,7.22,76.3,23,0,Average
SEM1_0851,Chasmum Subramanian,24,Male,MCA,1,63.88,6.29,71.0,22,0,Average
SEM1_0852,Yash Ravi,24,Male,MCA,1,53.39,4.89,82.1,25,0,Average
SEM1_0853,Chameli Setty,28,Female,MCA,1,80.91,8.22,81.0,16,0,Average
SEM1_0854,Elijah Bhasin,22,Male,MCA,1,80.1,8.17,75.0,18,0,Average
SEM1_0855,Nakul Sarraf,23,Male,MCA,1,66.98,6.35,79.5,19,0,Average
SEM1_0856,Ojasvi Sule,25,Male,MCA,1,80.95,7.93,85.4,20,0,Average
SEM1_0857,Ucchal Jani,26,Female,MCA,1,69.09,6.7,66.1,26,0,Excellent
SEM1_0858,Harini Dhawan,27,Female,MCA,1,83.99,8.14,66.7,18,0,Average
SEM1_0859,Dhriti Nagar,28,Male,MCA,1,87.29,8.86,70.8,23,0,Excellent
SEM1_0860,Hemani Rastogi,26,Female,MCA,1,73.98,7.38,85.0,18,0,Average
SEM1_0861,Kalpit Prabhakar,27,Male,MCA,1,80.01,7.86,76.7,24,0,Average
SEM1_0862,Yutika Cherian,26,Female,MCA,1,67.88,6.69,94.5,28,0,Excellent
SEM1_0863,Eiravati Khurana,26,Female,MCA,1,51.28,4.79,84.4,9,0,At-risk
SEM1_0864,Unnati Das,27,Female,MCA,1,83.41,7.92,88.9,21,0,Average
SEM1_0865,Amara Sengupta,25,Male,MCA,1,90.58,9.4,80.8,18,0,Excellent
SEM1_0866,Yug Dhaliwal,21,Male,MCA,1,78.27,7.79,85.7,17,0,Average
SEM1_0867,Gunbir Bedi,21,Male,MCA,1,75.13,8.14,63.7,20,0,Average
SEM1_0868,Bina Rajagopalan,28,Female,MCA,1,77.22,7.09,76.7,24,0,Average
SEM1_0869,Omya Kothari,27,Female,MCA,1,68.89,7.32,78.3,18,0,Average
SEM1_0870,Nathaniel Narang,25,Female,MCA,1,74.85,7.49,77.6,20,0,Average
SEM1_0871,Dhriti Gupta,22,Female,MCA,1,72.43,7.42,86.7,20,0,Average
SEM1_0872,Nathaniel Tara,28,Female,MCA,1,73.89,7.32,64.0,30,0,Excellent
SEM1_0873,Yutika Sibal,23,Male,MCA,1,72.14,6.77,84.9,25,0,Average
SEM1_0874,Wishi Morar,28,Female,MCA,1,70.11,7.27,85.4,24,0,Excellent
SEM1_0875,Widisha Bajaj,21,Male,MCA,1,69.43,6.38,89.2,30,0,Excellent
SEM1_0876,Gautam Ramaswamy,22,Female,MCA,1,81.63,8.1,71.9,24,0,Excellent
SEM1_0877,Yashasvi Shankar,22,Female,MCA,1,71.85,6.55,73.4,10,0,Average
SEM1_0878,Wridesh Kale,23,Female,MCA,1,80.32,8.15,77.3,14,0,Average
SEM1_0879,Ira Bava,25,Male,MCA,1,81.4,8.0,67.3,18,0,Average
SEM1_0880,Chandresh Manda,21,Male,MCA,1,59.5,5.96,96.1,20,0,Average
SEM1_0881,Warda Singhal,23,Female,MCA,1,67.63,6.19,72.3,24,0,Average
SEM1_0882,Bhavika Yadav,23,Female,MCA,1,78.51,7.87,90.4,22,0,Excellent
SEM1_0883,Abhiram Chokshi,25,Male,MCA,1,54.67,5.54,80.9,18,0,Average
SEM1_0884,Raagini Desai,28,Male,MCA,1,72.41,7.27,72.9,11,0,At-risk
SEM1_0885,Aishani Pau,26,Female,MCA,1,76.52,7.23,75.0,19,0,Average
SEM1_0886,Neha Pau,24,Female,MCA,1,63.7,6.1,80.7,25,0,Average
SEM1_0887,Chakradev Rattan,26,Female,MCA,1,72.32,7.51,80.8,15,0,Average
SEM1_0888,Charan Hayer,22,Male,MCA,1,62.05,6.19,66.0,19,0,Average
SEM1_0889,Janani Mani,27,Female,MCA,1,79.49,8.49,72.7,12,0,Average
SEM1_0890,Ethan Raju,21,Male,MCA,1,62.63,6.5,73.2,19,0,Average
SEM1_0891,Yamini Seshadri,24,Male,MCA,1,77.89,8.02,76.6,21,0,Average
SEM1_0892,Ati Dani,27,Male,MCA,1,76.26,7.07,80.5,22,0,Average
SEM1_0893,Kabir Chatterjee,27,Male,MCA,1,67.55,6.56,86.3,17,0,Average
SEM1_0894,Meera Prakash,25,Male,MCA,1,82.58,8.58,81.2,19,0,Average
SEM1_0895,Harinakshi Pau,26,Male,MCA,1,70.98,7.44,67.8,22,0,Average
SEM1_0896,Maanas Issac,21,Male,MCA,1,54.45,5.49,100.0,19,0,Average
SEM1_0897,Yashodhara Ratti,21,Male,MCA,1,95.0,9.73,71.2,27,0,Excellent
SEM1_0898,Xiti Baria,27,Female,MCA,1,66.46,6.5,70.0,23,0,Average
SEM1_0899,Chakradev Barad,25,Male,MCA,1,87.54,8.06,84.6,21,0,Average
SEM1_0900,Laksh Nath,28,Male,MCA,1,58.06,5.68,82.1,15,0,Average
SEM1_0901,Urvi Venkataraman,23,Male,MCA,1,69.72,7.48,71.1,12,0,Average
SEM1_0902,Tanmayi Dixit,28,Male,MCA,1,78.2,7.7,74.9,21,0,Average
SEM1_0903,Yutika Dey,21,Male,MCA,1,54.91,5.92,81.1,27,0,Average
SEM1_0904,Falak Nagar,23,Male,MCA,1,72.61,7.39,85.0,21,0,Average
SEM1_0905,Nicholas Ramaswamy,28,Male,MCA,1,72.31,6.42,74.3,22,0,Average
SEM1_0906,Chandani Nayar,22,Male,MCA,1,46.53,4.5,84.2,23,0,Average
SEM1_0907,Yashica Upadhyay,22,Female,MCA,1,64.65,7.05,84.0,16,0,Average
SEM1_0908,Vrishti Mistry,28,Male,MCA,1,75.92,7.65,88.4,19,0,Average
SEM1_0909,Vaishnavi Badal,26,Male,MCA,1,71.73,7.68,77.0,23,0,Average
SEM1_0910,Jyoti Narula,22,Female,MCA,1,70.03,7.29,84.2,15,0,Average
SEM1_0911,Imaran Saha,28,Female,MCA,1,56.73,5.5,71.8,18,0,Average
SEM1_0912,Darika Bala,21,Male,MCA,1,54.74,5.91,72.2,21,0,Average
SEM1_0913,Urvi Lanka,27,Female,MCA,1,65.42,6.7,76.4,16,0,Average
SEM1_0914,Vedant Behl,28,Female,MCA,1,79.34,7.47,87.2,26,0,Excellent
SEM1_0915,Varsha Garde,26,Male,MCA,1,77.15,7.58,91.1,15,0,Average
SEM1_0916,Lajita Divan,24,Female,MCA,1,51.2,4.9,86.6,25,0,Average
SEM1_0917,Xavier Balay,28,Female,MCA,1,80.23,8.45,91.2,17,0,Average
SEM1_0918,Imaran Halder,27,Male,MCA,1,54.75,4.95,70.8,27,0,Average
SEM1_0919,Anirudh Sastry,21,Female,MCA,1,92.14,9.41,87.6,15,0,Average
SEM1_0920,Dipta Sahota,21,Female,MCA,1,74.58,7.41,71.5,16,0,Average
SEM1_0921,Max Sachar,21,Male,MCA,1,91.07,8.6,77.4,17,0,Average
SEM1_0922,Samar Roy,22,Male,MCA,1,85.71,8.5,85.4,21,0,Average
SEM1_0923,Yachana Sinha,21,Male,MCA,1,73.75,7.04,79.3,26,0,Average
SEM1_0924,David Devi,26,Female,MCA,1,65.03,6.31,77.5,21,0,Average
SEM1_0925,Zilmil Johal,27,Male,MCA,1,61.94,5.85,77.0,18,0,Average
SEM1_0926,Ekta Sridhar,25,Female,MCA,1,65.31,6.41,87.7,15,0,Average
SEM1_0927,Krisha Murthy,28,Male,MCA,1,82.0,7.89,82.6,20,0,Average
SEM1_0928,Oscar Sharaf,27,Male,MCA,1,67.13,6.01,80.3,23,0,Average
SEM1_0929,Hema Pandya,21,Female,MCA,1,76.08,7.73,92.7,21,0,Average
SEM1_0930,Aishani Sule,21,Male,MCA,1,55.95,4.96,77.3,20,0,Average
SEM1_0931,Rehaan Koshy,23,Male,MCA,1,65.1,6.52,77.6,18,0,Average
SEM1_0932,Arya Misra,27,Male,MCA,1,59.05,5.73,95.9,14,0,Average
SEM1_0933,Umang Mishra,25,Female,MCA,1,70.89,7.59,76.4,17,0,Average
SEM1_0934,Bhavya Johal,22,Female,MCA,1,90.53,9.27,74.4,17,0,Average
SEM1_0935,Vrinda Nadig,24,Male,MCA,1,78.87,7.83,80.2,16,0,Average
SEM1_0936,Varsha Palla,23,Male,MCA,1,61.7,5.7,58.2,17,0,Average
SEM1_0937,Anusha Mani,22,Male,MCA,1,82.92,7.78,84.6,19,0,Average
SEM1_0938,Jairaj Raghavan,26,Male,MCA,1,73.97,6.73,83.1,14,0,Average
SEM1_0939,Megha Pai,28,Male,MCA,1,72.04,7.41,82.1,16,0,Average
SEM1_0940,Madhav Mannan,21,Female,MCA,1,67.92,6.61,74.8,16,0,Average
SEM1_0941,Brijesh Mani,21,Male,MCA,1,65.66,6.2,86.8,20,0,Average
SEM1_0942,Farhan Pal,22,Male,MCA,1,68.04,7.13,79.1,19,0,Average
SEM1_0943,Riya Kunda,22,Male,MCA,1,57.43,5.6,66.9,24,0,Average
SEM1_0944,Varenya Kala,26,Female,MCA,1,75.6,7.68,79.4,17,0,Average
SEM1_0945,Saksham Yohannan,27,Female,MCA,1,67.85,6.39,82.2,24,0,Average
SEM1_0946,Anika Magar,28,Male,MCA,1,70.62,7.17,65.9,18,0,Average
SEM1_0947,Laksh Chopra,21,Female,MCA,1,85.38,8.89,65.9,25,0,Excellent
SEM1_0948,Wriddhish Kibe,23,Female,MCA,1,63.39,6.33,86.6,25,0,Average
SEM1_0949,Chandresh Wali,22,Female,MCA,1,81.57,7.95,83.9,24,0,Excellent
SEM1_0950,Upkaar Kaul,21,Female,MCA,1,66.13,6.48,75.0,19,0,Average
SEM1_0951,Charles Chaudhry,28,Female,MCA,1,78.2,7.07,91.8,25,0,Excellent
SEM1_0952,Odika Narayanan,21,Female,MCA,1,77.98,7.84,84.3,16,0,Average
SEM1_0953,Urmi Chaudhry,26,Female,MCA,1,86.07,8.18,65.9,19,0,Average
SEM1_0954,Laksh Ahluwalia,28,Male,MCA,1,73.45,6.58,96.0,24,0,Average
SEM1_0955,Nakul Ray,26,Female,MCA,1,79.35,7.96,83.0,21,0,Average
SEM1_0956,Vamakshi Sood,21,Female,MCA,1,54.42,5.36,78.6,21,0,Average
SEM1_0957,Ryan Mani,21,Female,MCA,1,69.48,7.18,75.8,21,0,Average
SEM1_0958,Ekani Mangal,27,Male,MCA,1,67.82,6.35,65.0,16,0,Average
SEM1_0959,Daniel Chakraborty,23,Male,MCA,1,65.79,6.88,80.2,13,0,Average
SEM1_0960,Vincent Warrior,24,Male,MCA,1,77.42,8.19,72.5,27,0,Excellent
SEM1_0961,Baljiwan Gill,27,Male,MCA,1,76.61,8.12,74.2,20,0,Average
SEM1_0962,Omisha Goda,24,Male,MCA,1,73.19,6.89,89.5,28,0,Excellent
SEM1_0963,Balhaar Ranganathan,24,Male,MCA,1,66.9,6.95,97.0,8,0,Average
SEM1_0964,Warhi Grewal,21,Male,MCA,1,78.49,7.51,84.1,19,0,Average
SEM1_0965,Bimala Barad,24,Female,MCA,1,82.55,8.24,87.7,20,0,Average
SEM1_0966,Aditya Misra,22,Female,MCA,1,45.0,4.5,87.5,20,0,Average
SEM1_0967,Hredhaan Nayak,24,Female,MCA,1,67.53,6.87,75.7,20,0,Average
SEM1_0968,Bhavani Sha,23,Male,MCA,1,71.91,6.85,60.4,17,0,Average
SEM1_0969,Wakeeta Desai,22,Male,MCA,1,74.97,7.05,88.4,30,0,Excellent
SEM1_0970,Yamini Sidhu,28,Female,MCA,1,84.17,8.19,52.6,26,0,Excellent
SEM1_0971,Anjali Hans,27,Female,MCA,1,74.24,7.6,76.6,16,0,Average
SEM1_0972,Isaiah Narayanan,22,Male,MCA,1,75.2,7.66,77.2,21,0,Average
SEM1_0973,Nicholas Shanker,24,Male,MCA,1,76.86,7.57,96.2,17,0,Average
SEM1_0974,Aarini Grewal,27,Male,MCA,1,79.69,8.28,80.4,23,0,Excellent
SEM1_0975,Akshay Nazareth,27,Male,MCA,1,72.95,6.93,77.7,25,0,Average
SEM1_0976,Chakrika Hans,21,Male,MCA,1,71.67,7.3,78.5,18,0,Average
SEM1_0977,Parth Ravi,26,Female,MCA,1,71.5,6.71,86.1,22,0,Average
SEM1_0978,Prisha Varma,25,Female,MCA,1,83.12,8.05,88.6,21,0,Average
SEM1_0979,Falak Chadha,28,Female,MCA,1,69.04,6.39,93.3,23,0,Average
SEM1_0980,Nandini Chandran,26,Male,MCA,1,77.43,6.75,93.6,24,0,Average
SEM1_0981,Qasim Dey,22,Female,MCA,1,89.73,8.54,90.7,25,0,Excellent
SEM1_0982,Vansha Naik,28,Male,MCA,1,69.04,7.26,79.6,27,0,Average
SEM1_0983,Yuvraj Ahuja,23,Female,MCA,1,74.49,7.45,72.9,23,0,Average
SEM1_0984,Advika Rajagopal,24,Male,MCA,1,72.09,7.45,87.2,11,0,Average
SEM1_0985,Warinder Sekhon,21,Female,MCA,1,83.8,9.1,92.8,2,0,At-risk
SEM1_0986,Amara Narayan,27,Female,MCA,1,67.33,6.86,75.0,15,0,Average
SEM1_0987,Chasmum Apte,22,Female,MCA,1,66.23,6.37,62.8,13,0,At-risk
SEM1_0988,Advika Parsa,21,Male,MCA,1,86.24,8.65,62.5,22,0,Average
SEM1_0989,Warinder Bhatia,23,Male,MCA,1,74.85,7.53,74.6,18,0,Average
SEM1_0990,Jagat Shroff,28,Male,MCA,1,68.85,6.85,86.1,20,0,Average
SEM1_0991,Damyanti Dutta,24,Female,MCA,1,51.81,5.37,100.0,17,0,Average
SEM1_0992,Nidra Thakkar,27,Female,MCA,1,80.52,8.08,69.6,24,0,Average
SEM1_0993,Deepa Dalal,22,Male,MCA,1,75.62,7.67,77.8,22,0,Average
SEM1_0994,Chakrika Pillai,26,Male,MCA,1,78.42,7.69,97.2,16,0,Average
SEM1_0995,Timothy Kanda,26,Female,MCA,1,68.8,6.04,66.3,14,0,Average
SEM1_0996,Kiaan Sridhar,27,Female,MCA,1,75.33,7.89,78.1,17,0,Average
SEM1_0997,Michael Sha,21,Male,MCA,1,84.93,9.18,67.5,23,0,Excellent
SEM1_0998,Kashvi Sagar,28,Male,MCA,1,74.8,7.35,82.0,20,0,Average
SEM1_0999,Urishilla Yogi,28,Female,MCA,1,49.31,4.86,71.0,22,0,Average
SEM1_1000,Tejas Kota,21,Male,MCA,1,66.88,6.51,88.5,20,0,Average
